Assessment_Score,Skill_Level_Descriptors,Answer_Scores,Test_Score,Language_Level
1.259233239786799,0.4975028912856444,1.4962277783766003,-1.5383742516974999,Beginner
1.5280313593878327,-1.9067855357677876,0.7679420604803422,-0.6063916211372831,Advanced
0.47263034584340563,-1.5822784654356723,0.28118552349029036,-0.22830519074999622,Advanced
0.9955815140020298,-0.7775732731670599,0.13127295123267213,1.7138003965161348,Beginner
0.4182057558879721,-1.3150774011464192,-0.8237259395657286,-0.7715729082577644,Advanced
-0.049029340838036735,-1.550201190779724,-0.15149367400058533,0.4564988326394799,Advanced
-0.9858038086678267,1.945692921659223,1.5114840603135449,0.8817746715743355,Beginner
1.897767016745977,1.295726475208896,0.9114107492211854,1.6029944244038572,Beginner
-2.132595626154836,1.841151606538744,0.7930308223207008,2.8214065590215247,Beginner
-2.3161438629688766,2.4304144502395872,-2.145448627918719,0.07175181214100279,Intermediate
1.2005316584738726,-0.4805679826923097,-2.407374161936458,0.17534959484628654,Beginner
-0.035825578706462934,-2.1272786440231606,1.0399627452321782,2.253555548107073,Advanced
0.7127120288613313,-0.683296648214245,-0.8422225898860857,0.34564995047543623,Beginner
0.41960997202411815,-1.5387859341791863,-1.1839381360430785,2.775508679452977,Beginner
0.4914294527201998,-0.1998441443939054,-1.3971995239626633,-0.4364304926205902,Advanced
-0.7725687487562407,-0.6644967182901614,0.7541901482942855,-0.07354435904331835,Advanced
-1.4068150094975382,-0.9280072757250863,0.6620930169491872,-0.4845547979273753,Advanced
-0.8028244439508423,-0.4556059039176824,-1.3153877317204863,-1.035386973407104,Advanced
-0.5501152829365389,-1.5853846104990246,-0.2988431209369683,-0.028214151372815466,Advanced
-0.5555467794868666,-0.9854510599082793,-0.663648658363934,0.8554917493825793,Beginner
0.9788895585567792,2.3744113093587402,-2.478213554765101,0.31293086301388096,Intermediate
0.37976763604089603,2.2312387499883135,-2.432061944714055,0.21182104095417364,Intermediate
-0.3202978045366419,-0.7650470799269661,0.9657844071915237,-1.034221249866777,Advanced
-1.1511537365528692,-1.5559502504156177,0.09922871920781762,-2.283889321025195,Advanced
0.5027844268951942,-2.277010422976125,0.9742244976252336,1.5625055995871477,Intermediate
-1.17223375343664,2.2115487476398386,-2.795774630954467,1.0953736796317228,Intermediate
-0.30085974714082625,-1.8546203241461794,-0.031602917452642654,2.7043739323914,Beginner
-2.1056469418403245,-1.4024267271442048,-1.0820446587700507,-1.5591220976100957,Advanced
1.7611881248673737,-2.9197383382114053,0.00162712929790354,1.2436121042773762,Intermediate
0.7658782794806148,-0.4214675808095074,1.4747057747762222,-1.0964252376442252,Advanced
-1.423682636883923,-0.3476086759358381,1.3670988560264452,-0.0658639644697927,Advanced
0.07287409801551539,0.8853214052978848,1.3390634227467229,0.6349908286468269,Beginner
-0.21560957856802238,2.0223305796369875,-1.4762946225169,-0.8020712074101867,Intermediate
0.1786947168104756,1.4875108805775517,0.997347267178516,1.5206269017636243,Beginner
-0.6888855425754056,-0.4905295774626286,0.6668010019609167,-1.3529294186568572,Advanced
-0.9379255765363989,-2.113906923122705,1.1178108908220252,1.6580971803808406,Intermediate
0.664927162301741,-0.824740284126758,-1.7212074666822792,-2.479652003873667,Advanced
-0.7280770978553212,2.558612939633607,1.6571026463277216,1.5012278876378033,Beginner
0.0976703767483354,2.684639097577446,-2.524699808326414,0.443956223450785,Intermediate
0.3131321400131553,-0.33501845399492214,-1.2734919524804529,-0.7587888957887592,Advanced
-0.23811043631205406,0.11944958862360266,-0.35714016315802644,-0.624601892111156,Intermediate
-1.60027110450371,1.8331416317816878,-0.6959869370800325,-1.4187063586581976,Intermediate
1.5905820726178503,0.33115254988986775,0.25020719150897386,-0.43382096152044225,Intermediate
1.3764964500195378,-1.444883819252901,-1.0674226898032024,-1.8679974476912182,Advanced
2.814654444472553,-0.6692701213153949,0.45754206440319467,-0.10990256211275617,Advanced
-1.2790307362197864,-1.1535611143273499,0.5416533022972909,-0.26316728177920745,Advanced
1.0269862633197322,-2.508053457510137,1.7294320504922411,2.0983109325153,Intermediate
-1.8437935834807457,0.5567371859196295,0.47935984988459523,-2.683643282751432,Intermediate
-0.07722104522304557,-0.8880681908556548,-1.8052189650703183,-2.8279955530563092,Advanced
-1.2693304965466992,-1.3732388152011412,0.12649323990899375,1.4227991502650217,Beginner
0.37006111526895535,2.084488080202226,0.731572245714553,2.5355401302390534,Beginner
0.31952467078295543,0.8953435166985416,-1.726627176309349,0.29900781726078374,Intermediate
3.2430929695947333,2.031686921879314,1.629436695049422,-0.111333486154648,Beginner
1.2496189052966666,-1.247738604336859,1.3517787095398646,1.861025018501134,Intermediate
-1.466785190615677,-1.2003763926806588,-0.005332675701751111,0.877176138998621,Beginner
-0.7798529462216388,-0.8944753152104605,0.8263522246706756,-0.41499606040780423,Beginner
1.0294574815983573,1.69789173685544,0.8292001049220938,1.617336479705901,Beginner
0.3556689485632294,-0.8390338974245568,1.5583769062801307,-1.0289273814394033,Advanced
0.46654531145012695,0.14449962750275813,-1.699979403098907,-0.3457686563436936,Advanced
-1.2021495260760888,-1.2782191298956973,-0.9796337105738849,1.9748965069476534,Beginner
-0.9457460606967811,-0.7586072288867346,-1.506132185405677,0.47824954832451594,Beginner
1.7549330716472415,-0.8746890102984259,-1.4514779587544766,0.7803861650614762,Beginner
1.1008213984226052,-3.4306552434530753,-0.2883917312260711,0.8758636715496769,Intermediate
-0.05390484900573916,-0.7246619929725109,0.7513517099708288,0.6871193520493744,Intermediate
0.46027162498230384,0.40441498276751964,1.8696922020304672,-0.18405988951858587,Advanced
-1.2926253471522626,-1.4870346454987198,0.23514791809094127,0.6319581439331852,Advanced
-2.025807873111377,-0.518536341868302,1.5013718415245634,1.2554256490501183,Intermediate
0.3207857259326839,1.124143674534635,1.5554594983704235,-0.21414341748440058,Beginner
0.7931756882186773,1.9625498223219187,-2.213315559976724,0.11846831327064544,Intermediate
-0.3600392687569827,1.2646531683458673,1.001796554238921,1.6715629716142164,Beginner
-1.1738799644089726,-1.3466171424430131,-0.9773326366306958,-0.9869500709831553,Advanced
1.3705361439967134,-0.09572375033270797,1.4605116581229758,0.8878928931199191,Intermediate
-0.0003136726117747121,-0.8631912037269872,0.11006602162734547,0.6436102297165389,Intermediate
0.9324348709546673,-2.148891088814787,0.5405346177969563,-0.7853567095095173,Advanced
0.20438903160297678,-0.9249364078004138,-0.5819821581326547,0.9972664579391463,Beginner
1.466540859278603,-1.9761672569556976,-0.1499384428133469,-0.5380392516383726,Advanced
1.1927351654164144,-0.18310598382336418,0.39936297533675513,1.1852389822280498,Beginner
-2.839078659485427,-0.6162783802086378,1.4490307379396776,-1.4180971531924795,Advanced
0.8021284586181193,-0.6372912306142491,1.869755825085329,-0.4301907648244869,Advanced
1.7349365758368085,-1.0589812756980295,0.10461381683916704,0.49305039505447756,Beginner
1.2376537575119981,-0.3542076381496937,-0.7969959815348331,-0.8321347404731394,Intermediate
-0.37630072492499606,-1.3755560965073166,-0.06550592740137162,0.7776936510008652,Advanced
0.5376299029498797,-0.9393399521177392,1.0399331947945671,-0.374765971159011,Advanced
-0.8343230454915821,1.7764695117903404,1.4324678484750302,0.7881598631033235,Beginner
0.8929538701087693,-1.2087117788831845,-0.361007445839303,1.399681426055734,Beginner
1.6147787907098514,1.3652959851753135,2.5382264544194877,-0.9498012596060095,Advanced
2.3079162506161106,1.9882863397529982,1.5780768300520895,0.2329358890005313,Beginner
-0.4114931445621802,-0.6492390080230142,-1.3462749832381498,0.1268793967486328,Beginner
-0.4030759890650308,-0.8507723456132023,-0.8936192977678583,-1.0785687416118022,Advanced
1.0235306441853447,-3.805269447184776,1.5781422748016127,0.3860263498967982,Advanced
-0.4629395120252583,1.6913763566303324,-1.29147639249261,-0.7427568058211078,Intermediate
1.0613709648731335,0.3034696374095116,1.4236283361098692,0.6032225711514705,Intermediate
0.347561613803552,-1.1380810999383522,0.9692907637085475,-2.0947367869977715,Advanced
-1.4741321320421057,-0.43423218295976684,-0.5296412678736888,-1.0399666900203532,Intermediate
-1.7710685530880912,0.09314482298101612,0.19535974985176496,-1.9147727113228634,Intermediate
1.1717179147161596,2.3379662765325477,-1.1926997415329585,-1.068190918071121,Intermediate
0.05119790188108534,-2.734764958687872,-0.03930227357637772,-1.7207873223518428,Advanced
-0.3220281544920584,-1.6558894911756856,0.7543830968672,-1.3489413712265068,Advanced
1.1947628618769377,1.546137588417,0.8259846198806744,2.458124690454336,Beginner
-0.9849931258170151,0.6658264515825927,2.0069404610668817,-0.1080682210317796,Advanced
1.0743180127155614,1.5239742141074974,1.007944792563633,1.893580849520311,Beginner
-1.2070216478572156,-0.7301384815854061,1.059430141672196,0.9432621111621826,Intermediate
1.00163182520856,0.23391821946021052,2.909133994197631,-0.7873453025077424,Advanced
-0.1115088271429437,-1.7032496543087638,-0.569616583999824,-0.6345783939179148,Advanced
-1.060605066396601,-0.2949541281300684,-1.9389072664460394,-1.9614508113385793,Advanced
-0.24268127681203333,-1.246459989918217,0.9282797692396834,0.9277203755538391,Intermediate
-0.36920720044744615,-1.4251742486180896,-0.284233834991259,1.8329426155722395,Beginner
-0.8767737812118448,-1.8675635144160663,0.1038615464781596,0.029864043323897915,Advanced
0.9500158286696456,1.2724373505818218,-2.6072182230352814,1.1248094800806872,Intermediate
-0.35802937974698623,-1.0392961846155329,-1.0551862816147417,0.8616968771277991,Beginner
0.21853404241094568,-1.2430348519706342,1.3210060661542926,-2.4018553034874754,Advanced
-1.0496554989099411,-0.38503784161506316,1.9168984210141167,-0.7128359141783125,Advanced
0.02263085267686914,-0.7022584919109702,0.43580180143863656,-2.2356772247984322,Advanced
-0.45784838618248924,0.6492668642494316,-0.19321777612847013,-1.7050147607893829,Intermediate
-1.2094769354188053,-0.9156920414941447,-0.38798831466962114,0.5867484292240519,Beginner
-0.15129922023252232,1.4387860528416554,-1.637722158241956,-0.09129997764058251,Intermediate
2.01527511046064,-1.6086742234437033,0.11103232558520115,-0.6597782056678911,Advanced
-0.782003492511037,0.9603560975254338,-1.2370507742930537,-0.3989032022609781,Intermediate
-1.276304416538336,-2.7205350025773933,-0.19041964622514662,-1.626366131772909,Advanced
0.29964768783734813,-2.859226662769026,-0.8405209061075587,-1.2762165854226617,Advanced
0.04522270899998256,-0.9322716647088157,-1.6350643337882969,-2.8113510878711696,Advanced
-1.1115802495135512,-0.5672776099890791,-1.5759086961764228,-2.548786498328398,Advanced
1.2395840064415615,1.012424784144328,1.0668786306068712,-0.17529488626987555,Beginner
0.5059655534558652,-0.34315507713514737,2.591342121708567,2.199956354415474,Intermediate
-0.9797212247168068,-2.4730073181296053,0.35860562400988305,1.434089554222101,Intermediate
0.4080528468367557,1.0669193070601943,0.9750393933982519,0.7213153344875693,Beginner
0.15946250680412918,-0.6214175896859533,0.7586019798767516,-2.5179512820934837,Intermediate
-1.5327005598899308,2.660091847747178,-2.647334086967679,0.7015629102539511,Intermediate
-0.7557915001583629,-1.3501737500153799,-0.044606481931012354,1.6128506204177788,Beginner
-0.81240234893742,1.9014721986883574,-3.273006128963978,-1.0660149470943314,Advanced
-0.08809124402907328,-0.7313969121298028,1.2080617381261902,-0.6736350884845446,Advanced
0.4243939378610126,-1.0267756621887218,-0.7884209357478233,-0.6076901270632791,Advanced
-1.1543626682329844,-0.6989274588260899,-2.0856485267311955,0.6691494759718422,Beginner
0.8394685045184047,0.5260565092877341,0.6446777816588337,1.9637804492920194,Beginner
-0.33638694541113623,-2.061150730095349,0.5837205756973396,-1.483502134286154,Advanced
-2.018487864388638,1.2109853348114947,0.12161935521752065,-2.3452746301597793,Intermediate
0.13106518621584873,-0.41080139454019615,1.0609005106749003,0.7361693778469005,Intermediate
-1.1195461283831687,1.0064876064447492,0.5667458455141656,2.551870728103045,Beginner
0.14035986984804696,-1.3870241937495145,-0.37257361710415837,1.7422843800285803,Beginner
-0.8903178480198718,0.26217768950318354,-0.4507828014091796,-1.7384934347849152,Intermediate
-0.05658848889989584,-1.1886494152204938,-0.5109787499204217,1.5296462291775592,Beginner
-0.2215132629521239,-2.8840412397729,-0.2981068314601196,-0.2519879675560498,Advanced
-0.7999405067019342,-1.2840522962336336,0.35515358985463064,-0.9887122667910344,Advanced
-0.08606969279089306,1.2537994634946026,-0.9669191156404344,-1.0638793560704833,Intermediate
-0.4519493719118777,2.4840989613835385,-1.5605639018425688,-0.5553115475476403,Intermediate
0.2668183962954019,1.9399502661727555,1.48816223216195,0.5276907220068785,Beginner
1.3305749040390402,-0.715217178242739,-0.9643676111726209,-0.11263345613506925,Beginner
-0.6065033882157397,-1.7301135901561566,-0.8728491098757536,3.0585834606396993,Beginner
0.33855287628591424,-1.0507551266752804,1.1380695315443428,0.9243686727590691,Intermediate
0.36414029605466136,2.1672549930596867,1.5442342547777967,1.7071820059584408,Beginner
-1.1533505105959594,-0.5241525362262721,0.2982959165640956,-0.08198271670682078,Intermediate
1.3032780373160637,0.20687193038726592,0.15470652591458234,-2.2721592952847516,Intermediate
1.1535903433169254,0.25195632362941267,-1.4766663890973353,0.5130396506431523,Advanced
0.7396531517246714,-0.9210195274941169,-0.8933162680997521,0.7785465649014269,Beginner
1.191707497107065,-0.5832023444124883,0.27687213985626125,1.4578270976223155,Beginner
-1.6685992588781953,-1.8393232619054962,1.7181249552828943,1.6560278423538914,Intermediate
-1.2935076252040958,0.44008411171606465,1.5278605892896042,-1.027740039205888,Beginner
-1.8179792253871547,-1.6711631775114264,-0.7738705523951624,2.621597285621645,Beginner
-1.8518427315746586,-0.20972932041457382,2.0075325172075527,-1.4630959572934734,Advanced
-0.2841550979287972,2.718747851097781,1.105404929784653,2.4135921460412915,Beginner
0.17847666388538974,3.890838729504891,-1.9587753606940657,-0.7498766808838698,Intermediate
-1.7863754653546866,2.2803232125705106,-1.0415562029319851,-1.2757161809880522,Intermediate
-0.9455068799427312,-2.573624549834107,0.852271852396916,1.2530378856062971,Advanced
0.604120889588518,0.43809144468154537,1.9244546201982269,-2.2804694931382725,Beginner
0.1455211977682408,-2.502516903418046,0.5950997386106949,-0.36497195104703284,Advanced
-0.9181269834165748,0.1402803077154675,0.43145286418594,1.9555063885123758,Beginner
1.2960630617813962,1.4476255254501957,-1.1977061864723404,-0.7635316594070691,Intermediate
1.5301951988633513,-1.359743272043513,-1.2212836032396177,-1.974494530917711,Advanced
-0.22247489677826537,-1.5367527139806392,-1.364349193620001,-2.700411255012381,Advanced
-0.5938114080687051,-1.8489013644638246,0.9690456036416193,1.689387746610662,Intermediate
-0.9647054257507148,-2.8637727982832217,-0.01661636670172606,1.1804215444799466,Intermediate
-0.39622967810175985,-0.4350919373366815,0.4324478172049854,1.2391646264008747,Beginner
0.7574951493374855,-1.3948703635829907,1.5094795455659469,1.6885522428376216,Intermediate
-0.56060763684731,-1.689240507030324,-0.456005115722088,-0.8547364188851097,Advanced
0.6715311717290534,-2.30855850766687,0.3840751404997065,-1.4404720190393883,Advanced
0.16805980596682024,-0.21390970481859695,-0.47325664430418557,-1.183152449271364,Intermediate
1.1218578562304709,-1.57094757730128,0.6133084774738653,0.9524073164088622,Intermediate
-1.9093560875072928,0.022306863932552323,-2.1157742509649147,-1.5571675818839803,Beginner
1.5944423917491968,-0.7557800998567669,-1.4069309239926024,-1.089199952350162,Advanced
-0.032280611049470324,2.436289954938621,1.8091820171262991,0.23096403134912058,Beginner
-0.6946003691631446,-1.1951910622598199,-0.9317973074287432,1.6945909092316591,Beginner
1.8577023435377324,-2.031312969826681,0.3806637833652715,0.675111626811624,Advanced
-1.0240285908863795,-0.8410239593332297,0.5794538156389968,1.1814875038663102,Intermediate
-0.36550593698526584,0.9579995001111756,-1.730240989592191,0.277721980266614,Intermediate
-2.5322460852196853,-0.03841548301448805,-1.725202922413101,-0.7763295464016828,Advanced
1.653617268492285,0.06823292590080232,-0.2325892438094982,-1.6312495509498033,Intermediate
-0.9701242603796436,3.5113419422192953,-2.921632027096639,0.45592869049293294,Intermediate
-0.7284616216803428,1.5483061232280164,-0.8299023404680044,-1.0520686471244214,Intermediate
1.9532591375265682,-1.1539954839369004,0.6835814291892484,1.054825764741193,Intermediate
0.8107986455917099,1.5611823504934461,-1.4594262525361572,-0.5400545645800465,Intermediate
-1.153332403205745,0.47764180507635756,1.3281304687225066,0.33467833015702664,Intermediate
-0.752435237353035,-0.9896168333564921,-1.4875245046396968,1.2876189951911479,Beginner
1.5898389781806839,-0.25413778519800123,0.8557127806635668,0.7035781702957762,Intermediate
-1.5975991695954321,-1.3288752314414454,-0.3997531922395752,0.026504744926484358,Advanced
0.5055892418358746,-1.3268352482310952,-0.20829583181841405,-0.16379259129644386,Advanced
-0.7597031174802871,-0.0653785694758664,-0.9075002227164979,-0.9350726361091553,Intermediate
0.2243396567780826,1.6031547321969253,0.8577757053826687,1.8239731843698812,Beginner
0.07715649621771674,-0.3927041454389403,1.0457085563666477,0.4204867401516059,Intermediate
0.3099989831655551,-0.9313081509064571,-1.2924543955584673,0.9442653931410677,Beginner
1.5232386217122582,-0.7746760334724593,-0.596283186542643,0.37206378461959544,Beginner
-1.1716543473175618,0.1839369755233704,-0.9684826042049711,1.124445651296209,Advanced
1.0071333364731596,0.7464447985298202,1.2688210759123972,0.21394062174377193,Beginner
0.7793490039053323,-1.8579838804132698,1.4101184066107662,1.4112860815960409,Intermediate
-0.29748220087385013,0.8837114877833022,0.6466480257248148,2.352728524774314,Beginner
-1.8800100339077637,-1.0619853310059306,-2.33894777813106,1.8705477473033214,Beginner
0.012499321907250335,0.6224422767254214,0.9073255252716672,0.05265954098756942,Intermediate
-1.8311448783383502,0.40141554774808597,-0.6211458378032093,-1.1362174625379104,Beginner
-0.7801991291174627,-0.5214424103148299,-2.8167399234553248,0.6245501142436227,Beginner
-1.4162270557926455,-1.2392316968205246,0.8814349785122308,0.202169483044508,Advanced
1.036087651046256,0.2534567305205334,-0.26420336821990587,-1.7833679115838788,Intermediate
0.2525688459966235,-0.9023084661762805,-0.9845030188290314,-0.19736489926792733,Advanced
0.9134737320174066,-0.46809016337512677,1.0303601086962835,-1.9918503534440226,Advanced
-0.8505352787470439,0.7190220611941532,1.4680661059625226,-0.9110355935377501,Beginner
-0.9951484818533795,0.9406064410827651,-0.823532077260619,-1.354463060060308,Intermediate
0.4240668615184512,0.8317872704016731,0.8738444043901556,1.2627035024410524,Beginner
1.9351540400602292,-1.4475530724878036,-0.16752969975800092,-0.09689474177294088,Advanced
0.6549755842216898,3.0339428586376256,-2.172308583283535,-0.2802551005795547,Intermediate
-0.6273134459513029,-2.4197315144929954,0.7511093267197395,-0.14578999770265422,Advanced
-0.9823035803773146,-0.16463243968823327,1.9423644398453623,0.9235999158134564,Intermediate
-0.9163209190734197,-0.590145714693578,0.8619555228475075,-0.23820187248395186,Beginner
-1.0708524186844388,0.6642459359213069,1.029208258822184,0.2267081885913702,Intermediate
0.32297450361766816,-1.148006940368245,-1.0265934909249754,-1.1340830483001119,Advanced
-0.1581538443723203,1.557950902591005,1.3562385958425027,1.005902801896014,Beginner
-0.39305275706140097,-1.4016275688445632,1.191615240594511,-0.6289669016887535,Advanced
-2.4932708203300775,-2.4956499933041556,0.8070712357406817,0.3719521295951058,Advanced
-0.39352985596972884,1.566658991342346,1.2751937340786732,1.3394390307754425,Beginner
-0.06418416128881928,-0.10132034306219229,-0.8665898127318178,1.3433652579856132,Advanced
2.212531039397242,1.0343003111488236,0.6674286908140508,2.0211922517410015,Beginner
1.2795186697601588,-2.6670622667562927,0.5833563487923268,-0.4483056879893599,Advanced
-1.4055630538562867,-0.5069821822224287,0.6452046596289946,-1.1762132437568484,Advanced
-0.7316317389085281,-2.0106320867767886,0.8648299515560217,-2.6511337066861413,Advanced
0.44477380783159476,2.855507076738016,1.9893720213504955,0.21630123188564654,Beginner
0.02845758118315888,-0.4862942405852313,1.7718462078671435,-1.1758091905950205,Advanced
0.45060341286253885,-1.335606938713977,-1.3125186713681793,1.8943066316212318,Beginner
0.018016872044446585,-0.5707324375594958,0.8673962677452915,-1.1100743458855487,Advanced
-1.3327773974796497,-2.020217708612404,0.2722799889906834,-0.39380562810784536,Advanced
-1.422974925261673,1.1928866706463788,-1.3669085222350739,-0.48493568169292933,Intermediate
0.4809080927488954,0.26142541206191827,-0.4329155583624946,-1.3768051965965404,Intermediate
-1.1761733365547806,0.4089323101057022,-1.2607811892362473,-0.5223311307600422,Intermediate
0.1755362295785979,0.2091928005811695,-0.3484556396418196,-1.467845102573163,Intermediate
0.01840163078343813,-0.6196994641009175,-1.5265723617342744,0.40684650400043243,Beginner
-0.531454551359215,-2.5393083133570657,0.425804789582932,-0.10003677660762078,Advanced
0.8419836954521269,-1.3897457686263954,-0.31674377525910424,1.734574954232047,Beginner
0.5156280884439565,-0.9206410160995683,-1.0727197983976693,1.034976832382185,Beginner
-1.1171864617070024,-0.5666777635321887,-1.8489701254446813,0.16467468687004094,Beginner
-1.4769249275319014,1.5153327527372178,-1.4514869125672893,-0.3396310726106877,Intermediate
-1.548960525053475,0.38347511823597746,1.18205047095149,0.7322489868370581,Intermediate
-0.1643352058853912,3.436745793360849,-2.5381244582537605,0.3787310275395923,Intermediate
-0.8239354869719996,-0.08958856076109223,0.616296949864981,0.6357912752493375,Beginner
-0.5717460419560614,0.39225516792185233,0.3780534041934993,1.754818810522579,Beginner
0.08669769941439658,-0.146197917118582,1.7910342718333343,-1.580023720452889,Advanced
-0.6121669171548207,-1.3820674298709543,-0.07754571953055389,1.6435392136750475,Beginner
-1.1793691216326172,-0.7663461331867043,1.7982122920888053,-0.11160283081906386,Advanced
-0.6786430612941032,-0.5808515218181785,2.3187756982227627,-0.9594729480825063,Advanced
0.2314459225255723,-2.7613114453352106,1.7811670933478143,2.059128922117451,Intermediate
0.13192796677195706,-0.6393193888487617,-1.6674739798187166,-2.4631211356916385,Advanced
0.42544486418417227,-0.9080062758420948,-1.912194267631385,1.1866432971297058,Beginner
-0.8319549174944512,1.5581946160131124,1.445126693435125,1.1439865566563072,Beginner
-1.7931064525345768,-0.12157551771504527,-0.18936262549674954,-1.8960120349638956,Intermediate
-0.01109200394860206,-0.6817546380845962,0.5015537535974683,-2.449519825711116,Intermediate
0.8946471875738723,1.4076089051600915,1.2019518408788408,0.6554183315702553,Beginner
1.9725421767898081,0.000912416723292786,-1.479002082493331,-0.020546553642145637,Advanced
0.1493634822711889,1.4301350110151925,0.4978064576268447,3.7919374708651103,Beginner
-0.9733788380270346,0.5803459527065339,1.0182461091139206,1.0403452480699895,Beginner
-1.0211624575603002,-0.31489581543060663,-2.111200569331279,-0.34904494517004814,Beginner
-0.6141225650083162,-0.038400236773479035,-1.4123198733177404,0.5237014884122821,Advanced
-0.07744346072599365,-3.020464210729505,0.5068598481504472,1.3797068552030947,Intermediate
-0.14994071907910936,0.23690084044466142,-0.10178164868163386,-2.031332148460728,Intermediate
0.4430021304473752,-1.6643866438450552,-0.10879438807780206,2.344532268041039,Beginner
-0.3613105619672905,-1.8009399220822966,0.09562310914605754,-0.5300515689444016,Advanced
1.0706105599791862,-0.7400682251586311,-1.1461094722524545,0.31941362271104135,Beginner
-2.929448690002268,-0.4377631847810224,-1.6282970709615427,-1.5933223510636956,Advanced
0.23278674294016363,0.8119878737959371,0.8471088583465273,1.8154763181094018,Beginner
-1.3902219251534627,0.3192273191048094,-0.2589813495886468,-1.8148844189215205,Intermediate
-1.5678594253654559,-0.8527868160699252,-0.9078650622729482,0.5356406793381654,Advanced
-0.15024298879825998,2.122629580721026,1.6593504877362275,-0.44295864458953726,Beginner
0.22423474453529177,0.6390032733213717,1.6799550000798802,-0.33001480746692546,Advanced
-0.8110008636288448,0.6201952422444003,0.6000231660551975,2.5122810060430383,Beginner
-1.4359095238685275,0.9878575378027249,1.2258392292353026,0.25266856069253285,Beginner
0.29815846599052565,-1.7550125814648225,1.332205587132637,1.7389228451236733,Intermediate
2.0860470495371137,-1.4398958387824432,0.6529525458954286,0.8851607541971662,Intermediate
1.1038773433162576,1.0469203349351188,1.5712426283394594,0.5954880741831102,Intermediate
0.5964411375817527,1.8084982873420552,1.2578934458788642,1.3230692393419181,Beginner
2.8684030556667683,-0.24392618632101393,2.3341431549982543,1.838029486584049,Intermediate
2.3200407220172594,-2.113014923973168,0.464292136278866,1.2149785611002932,Intermediate
-0.9933586995819507,1.1169931940571698,-0.3936269194749996,-1.7206088558199029,Intermediate
0.22907468820570256,2.2366830266400357,1.4230562781734606,0.031530151185493516,Beginner
0.43477006455689116,-1.559589122233743,-0.11955265738150012,0.49182808730718097,Advanced
0.3676198402097109,-2.833707207062699,-0.1780654749443431,1.1643113513262653,Intermediate
-0.40439742318396127,-0.1418053778867283,-2.034826132637086,-1.382854772885498,Advanced
-1.2549226680022925,-1.4056852386185932,0.7483387889651021,1.119712296084433,Intermediate
0.4373131870389607,-1.119326642055821,-0.9309566224701853,1.285741651283823,Beginner
0.4359753895000459,-1.265037604314953,-0.7361290496881535,-1.1141160238807282,Advanced
-0.09884520123930605,-0.995070901816477,-0.982707953876085,-0.7120484876644307,Advanced
0.7007006121205837,-1.3439209113218222,1.4690694594591744,-1.3584076171602255,Advanced
-1.2551353719733949,-1.1480956744916395,-0.6223442559936334,-0.22789348758691685,Advanced
0.03944704824073949,-1.80865588609262,0.46814444005796574,-0.8276046134323674,Beginner
-0.18256897437954112,0.38046909999943224,0.5289314813396417,0.29534194663838964,Beginner
0.03402741107223205,2.6676223224421625,1.406278822912348,2.192076266041517,Beginner
0.6952029000839993,-1.4510339357722128,1.1852813762546406,1.5391683622992136,Intermediate
-0.9040682897360003,-1.6999654586344106,0.9728383478439174,1.3583602426584176,Intermediate
1.9203675021442612,-0.07843001916754822,0.35607769199173045,1.581815627025465,Beginner
-0.6382827265284942,0.7946964512898866,0.46722555805082155,1.94750401941491,Beginner
0.1435879365051602,-0.47547578289175485,-1.2742022514017448,-0.19693726360626385,Beginner
0.2773584619646759,3.141731030175577,-1.1642948192383884,-1.0895789345682612,Intermediate
1.8972886947731116,-0.9715363115277742,-1.1063839908530202,-1.2287868233301198,Advanced
0.31318447386498,-1.0839373938042725,-0.5320282981422428,0.9495220093173242,Beginner
-0.8617030702562581,-2.560460880307166,0.9030961791347475,1.8290114903969905,Intermediate
1.1373145423647293,0.276850518202582,1.8380664567123666,1.4874414590575424,Intermediate
-0.15936223214590656,1.6519432476072473,-0.3628637576441711,-1.8921357139106638,Intermediate
-0.03901951937754412,-3.2162085655102057,0.9363696942837773,2.1945562537012866,Intermediate
1.451001438131336,-1.0744969366068573,-1.1840347092671117,-0.9336547203139277,Advanced
-0.7296024698074095,-0.816566118149663,-0.07451722934095029,-0.16379675555694484,Beginner
-0.18315047105329468,-1.057559016164062,-1.1200117103199476,-1.6147660019207042,Advanced
0.9753124584779789,-0.9519849303310195,-0.044132548472573974,0.03411399716300656,Beginner
-0.5791241096357465,-1.6567670109829815,0.7109584190140943,-0.08728110689302049,Advanced
-2.1272274203514954,-1.6792946631133479,-0.981344360533132,3.0997991205621114,Beginner
-0.8281962729652346,-0.862550598099348,-0.2804800042880471,-0.9623481721449499,Intermediate
0.8936976893891109,-0.8907752573301244,-0.6960839329474644,0.49970426914964394,Beginner
-0.695694877197064,0.1260880029203315,0.6635685175738179,0.15904196721734187,Beginner
0.3733485597113982,1.6576486302528193,1.1843689689525005,1.167462771286453,Beginner
-1.542801515209646,1.1631627361829977,0.8783637571747502,0.9991280805396727,Beginner
-0.39767969361460404,0.4045328502431962,-1.6852613550773055,-0.028808773803196797,Intermediate
-0.6143231440962944,3.0975647656223173,-2.7112117636896977,0.4093752848032719,Intermediate
-0.19793772898468187,-0.4772983726421087,-1.6913589639405289,-1.3901400810489726,Advanced
1.0417246640588513,-1.3246437943809748,-0.8225622896995002,2.1277859912928485,Beginner
0.6464895377257707,-1.3419935831944831,-0.3075050823541543,0.009503537997543554,Intermediate
2.046862195719558,-1.1462815665859931,-0.6589530670037202,-0.3434340784490859,Advanced
-0.6342858476894031,0.08615495836053955,0.12302787083853017,3.09186101085166,Beginner
0.8232799156777053,0.6339528963944108,-1.316364827452779,-0.5851760908694026,Intermediate
0.1847104747810833,-0.6698993522251295,1.3716348336943511,0.9764598469687801,Intermediate
0.8282296901846228,1.830936427042782,-1.168086188800885,-1.2198943206014725,Intermediate
-1.1617838439123638,-1.126170911783818,-0.7273928930237705,1.176317125465641,Beginner
1.0094717885959688,-0.9543028553342783,1.9531283780806268,-1.3658003207698675,Advanced
-0.13699548944245826,-0.6577497802492215,0.19968806492146485,0.2815318127278751,Intermediate
-0.9878733409007492,-1.1679045744184025,1.184059755547607,0.9103958893624555,Intermediate
-1.123494033239598,-0.25399227374422984,1.137059986768871,-0.99850639715558,Advanced
2.095843501809159,-0.29703565114371444,-1.4021254148888065,-0.9436152629548389,Advanced
-0.0070449854805546995,-0.5236724215037705,-0.07806974138147804,-1.64222923405943,Intermediate
0.8555556590207121,-0.41367150144657705,-2.4666073353994387,0.2070951223691173,Beginner
2.1247714030169615,1.328551037244642,0.7575804840292496,1.9610134769373657,Beginner
1.4509275482792119,-0.5852853267738185,0.5599007070947826,0.41604856394706513,Intermediate
-2.704391631602775,0.07994297627649205,1.7900792703284503,-1.1570441380048142,Advanced
-0.022278979183713316,1.0450575477773016,-2.679343540779106,0.9191743756832345,Intermediate
-0.4151002889633696,-0.8721114952331765,1.1585072587170355,-1.760268422003879,Advanced
-0.24066517453021302,1.880163292137952,-1.9077653909630148,-0.18806607835360634,Intermediate
0.11137260184005242,2.188615814261957,1.2979624327762995,0.6657839552643599,Beginner
-0.9245641143780999,-1.8100981304553276,-0.06518429595954822,-0.03615900335320599,Advanced
-0.3975577654917214,2.2329011560841976,-2.0295002768483767,-0.13582852956945457,Intermediate
-0.37185788227866556,0.8334523424747632,-0.662235706385425,-1.3229476641830704,Intermediate
2.067906338163552,0.0675457257518246,-2.260248906211582,-2.8379307778846945,Advanced
0.4322629506341555,-1.362863183281188,-0.2637340531007698,1.7247812006311467,Beginner
-0.09139955750911445,-3.1966973310598674,0.45028833225000664,-1.3726028306307017,Advanced
0.6030946849488336,0.8188248201753793,0.9046090097298716,1.301108370374422,Beginner
1.2788658133133932,-0.5275539697143411,-1.3521772572407076,-0.26036727134059134,Beginner
0.1480894197982762,0.7364575412084382,2.323672814168209,0.7121231454537738,Intermediate
0.6333268260712385,-1.7417770560671606,0.4991429666927646,-0.1516495140123394,Advanced
1.5886269280435958,-0.7873359869451542,-1.1451256986345164,-0.9132947530201495,Advanced
-0.9899577925520139,0.9471152042807673,1.0320294573828748,0.516600126615091,Beginner
1.6554071130882952,-1.3866791040058946,0.04038952725910727,1.6291607843391773,Beginner
0.5027448074908146,-1.0871178949145357,-0.5864462091162044,0.3486574175677668,Advanced
-0.32669621318636405,-0.4190452074027755,0.6649211628159057,-2.4237568275936168,Intermediate
-0.965664803523208,-2.191556771768616,0.28372384811199636,0.04203804295302893,Advanced
-0.23950192202174977,1.0084619181796635,2.1171901865479343,-1.4173490200986847,Advanced
-0.8449414385934964,-2.05169609716404,0.40727558202828595,-1.0819600958160764,Advanced
-1.6891830379672617,-2.8529800490138615,0.07730050063342764,-0.2902004275270583,Advanced
0.7760279138434754,-0.6381988191280162,-1.5975735595089111,0.05215744023226154,Beginner
0.4751677464953816,0.20206219460780428,0.6695026182880234,0.09477571085701986,Intermediate
0.7313802525749924,0.8220273928622027,0.8729294034390835,2.3269626940471273,Beginner
-1.8831502080585838,-1.2628368768546863,-1.1116795282921106,1.5954054014050316,Beginner
0.19484234027013805,-2.4139230357801575,-0.27117637693792096,-2.017263326758881,Advanced
0.5737444210044131,-0.9481142399904412,-0.8198486241520907,-1.3487700866575492,Advanced
-0.1421465369405461,2.1532560640764435,1.8109831818992745,0.5244320873438804,Beginner
-2.0864776583710847,0.26640316661230534,1.0641216213519291,0.23284243757623024,Beginner
-1.3480471119401671,1.1411388601176455,-1.6141788237134385,-0.24574100154980527,Intermediate
-1.6380290574360168,2.003142542881765,-1.9563661005125486,0.18092575369874098,Intermediate
-0.9938626748348534,2.511145866570192,-1.668209983456447,-0.542756239508058,Intermediate
-1.0501407396021456,-1.447839047786683,-0.5649525969917737,2.249716019918755,Beginner
0.8301918118626102,-0.9095859274094646,-1.2762064076491964,0.8874741065685824,Beginner
-0.099094300241269,-1.2024068016721299,0.18540616298320245,0.8720887888617026,Beginner
0.9331280723410693,1.9528694763319843,1.4101362507383737,0.5809903610743672,Beginner
-0.6082265074447593,-1.2392494287048823,1.0311722200365618,0.5575809104993366,Advanced
-0.7811563781311142,-0.5407453830876516,1.4912968775919566,-1.611715190308657,Advanced
-0.04489303012253698,1.0103274527346464,-1.5552630285698115,-0.21636509188775166,Intermediate
-0.5561187467607805,-2.939847334667502,-0.40358932309546103,-1.7709851535855854,Advanced
-0.5176925728692147,0.01578200631758997,2.0149035507962525,-2.743778313119967,Advanced
-1.385987942398998,-0.19602295053604546,-2.0549837354825105,-2.0509567102061323,Advanced
-0.8567720938267928,-0.7174522215208436,-1.1446519981771692,0.15499132693815332,Beginner
0.17528677893392386,-2.9093200280059817,0.26441206770136527,-0.709647415311264,Advanced
0.31635832153614474,-1.2095962599107923,0.15433819215486322,-1.673740920606087,Intermediate
-0.8256536828021421,-0.29950247075089154,0.538749732576651,1.3484161388652784,Beginner
0.7608466543114778,-0.6333632752564572,0.7635393404664947,-0.7417375191922664,Advanced
1.3254321090950785,-0.05509328274522096,1.404027229291068,-1.4296841684146346,Advanced
-0.1131280525157404,0.014085482986779474,1.2053715437416066,-0.9693942345773356,Beginner
0.7060789138151315,-1.9633182356624306,-0.44846791389670293,0.6902270990648753,Intermediate
-0.39719531614598763,-0.8852746684041549,0.8940574820247738,-1.2511919222776324,Advanced
-0.31823752774262026,-2.1289799109485488,0.49536526799212643,-0.9547019894776935,Advanced
1.2495049007061587,-0.8870989031493319,1.6142247165306425,-2.1384756748088245,Advanced
-0.07566560432583026,-2.9858100251910464,0.9954701029435713,0.4966731142401861,Advanced
-0.8153756283161211,-0.009092177762070497,0.11942038143528655,1.6290841215614174,Beginner
-0.08743532877718108,-1.3080742598595287,0.8585411004995803,-0.046109030141843754,Advanced
2.2816518365388427,-0.8435525407039626,-0.31279350067535194,-0.15406436216820563,Beginner
-0.4118233689636573,-0.7735519643041159,-1.3659969774718517,-1.6699026401830916,Advanced
-0.5293321124483709,-0.5260765305728489,-2.6936193467614125,0.39129537057376784,Beginner
1.7025146581296056,-0.5374073913849456,-1.8379962461644266,0.08887911661828307,Beginner
0.9040175547613144,0.9040305084497932,1.392358937752992,-0.10426407311588881,Beginner
2.184096733380456,-1.1280935067373723,1.7101099509546702,-1.0334856781456134,Advanced
0.44130715169924584,-0.0166439385610484,1.1259892537266474,0.558552437357079,Intermediate
0.6870657958589163,-1.841123910680062,0.4081155392867015,1.1123815575008829,Advanced
0.33085130461557777,-0.6166237622251319,-1.2561840371145774,-1.3042743983615814,Advanced
-0.772659445270824,-0.5303919404898877,-2.5179430944715917,0.26045881758356015,Beginner
0.9603047962814704,-1.025975962849028,1.52695323194179,-0.7539158103444649,Advanced
-0.09184476433495513,-1.089571022285959,0.5070190577265465,-0.9145343741306315,Advanced
-1.0105982199289134,-1.6424333832012001,-0.20155324140379127,-0.11083240659936133,Advanced
-0.7353034606819523,-1.1431696722445663,-1.023838691943063,1.650775948472461,Beginner
-0.06100397185538355,-1.577109667113552,-1.1816802859818574,-2.2381053839399048,Advanced
1.1464408704007276,1.8719394710967268,1.7345239854283794,-0.13725315830249496,Beginner
0.42154608353656126,1.81639344604471,0.9524080665936036,1.8265630774140091,Beginner
0.937915537510655,-0.08305147466552487,0.8729397163361432,-0.0317183138559054,Intermediate
-0.7893385057196743,0.7378366774081795,-1.238176422881358,-0.5649294015934276,Intermediate
-1.0921636327180897,0.11360533638097792,0.885064726375732,0.7262875151013051,Intermediate
-0.10343122429028392,-1.262826517821734,-0.7129890681994173,-0.39629074915598983,Advanced
-0.501784192811532,-0.7271480118978928,-0.7373867004191246,-0.8276220309873428,Advanced
1.3863493972628433,-1.0852931676413042,-1.0891463123219611,-1.3848809399235724,Advanced
1.1834936668899279,-1.8047771882859267,1.0960393311796417,2.1426492688743473,Beginner
0.2647753109779796,1.4650229233856957,1.281221212227973,0.7828920037148788,Beginner
0.20475888240178416,-2.098006854739301,-0.31702358341020287,-1.440526910187435,Advanced
0.45780560992578473,1.4797577702744067,1.6356462837590198,-1.2479009219540993,Beginner
-0.13939720066323416,-1.250566753022314,-1.2054052935611674,1.877546338863574,Beginner
-0.24852861807444937,-1.4073688305369585,0.2820564630372524,1.7337236434848293,Beginner
0.38897872935218375,-1.2734235802083442,-0.4633863210747272,1.4312909052037492,Beginner
-0.8810683366612923,-0.36284441712009474,0.842466476624626,0.6227469743466845,Intermediate
-0.5193963718261266,-0.3766682090589122,-0.022991715754790087,-0.21502925158737485,Intermediate
0.6928575842374367,-1.0643898375203602,0.9565504169652344,-0.5328037242804257,Advanced
-1.1140464501619933,0.42439967875682993,0.7907309875185219,1.2393749833346606,Beginner
-0.9478927172689863,0.4707728235918468,0.8991978471779758,0.28708078330896525,Beginner
-1.6312758154609455,-1.2797370302721556,-0.7211765927418938,1.7067598441066938,Beginner
0.20232879642280202,-1.1774818407077563,-1.3370588866572346,1.6105087396684457,Beginner
-0.5014021468856367,-1.3528814989379843,-1.6825398230009379,2.148129148488297,Beginner
3.152056734512085,-1.34015662307782,0.7767980149003036,-1.5229604666861822,Advanced
-0.20252422706483003,1.4759177615847565,-1.0899059353296792,-1.32196518630426,Intermediate
0.041325632270618466,-1.1578919577038187,-0.7000518919117881,1.5185353151456011,Beginner
1.5985381120963413,-2.173430382374078,0.35113474073229023,-1.5898759147407415,Advanced
-0.08923415422144892,-0.9032520282229397,0.24901369510749571,-0.08384988475802313,Beginner
0.5152943216244674,-1.2856381179512406,0.7480058632364697,-1.0890779923078824,Advanced
0.6927227551168594,-1.4756809087254916,-0.23236369377630972,2.196052138151309,Beginner
-0.7331561971099966,0.4065463479754201,0.261136097282341,0.06919337437167516,Intermediate
-1.9670697035871523,-1.2696785311744814,-0.5682875844599927,1.5650252783820702,Beginner
-0.22272070077660705,0.5802994302953206,0.8984812227022076,0.6509811490432498,Beginner
-1.8579014513982872,-1.9085542752126696,1.2107470906526578,1.5557230604738508,Intermediate
0.8875039674140593,-2.1373064105183506,0.2604670036059775,-2.3147689306014385,Advanced
0.21273977585766032,-0.3406706640083066,0.8195237944198946,0.05244459963257553,Beginner
0.5169465157483709,-1.4274393539793797,1.3830997917029006,-0.5274338346178036,Advanced
-0.09294420661358828,-0.8928509914491385,1.6368575206435114,-2.0790084507650315,Advanced
0.8622235118869771,-1.3047373766959138,1.0824333119048803,-2.0893839816677766,Advanced
1.991553302204734,0.12209990608933685,-1.8550417296488528,-0.6655939447922343,Advanced
0.2927154821418534,-2.7433588908680586,1.6360397826165727,1.7604805647653174,Advanced
-0.15171443357722914,2.791928635778702,1.6659984941851715,-0.029969493475800135,Beginner
-0.4776455826040052,-0.18207708011196944,-2.3087770133379677,-2.896964998769513,Advanced
-1.4990159604584012,-0.31230129354174296,1.3628802773806563,0.27286141233002903,Advanced
-1.479444223139724,0.10998632951453702,0.21722418656475817,1.638395248836241,Beginner
1.667224111551137,-0.607656166457827,-2.592230866225452,0.24080683799392266,Beginner
1.0819848092499422,0.7007704767876903,0.7060270744125277,0.6864812147461387,Beginner
0.5859042011646491,-1.3382663898897873,0.8888211181404517,-2.078414411380198,Advanced
-1.066234931899225,1.994194454483185,1.051570038979558,1.7642949102042729,Beginner
-2.1899217049785533,1.3084629687507157,0.9189517648543923,2.233052440572639,Beginner
0.6820694900626313,-1.1673113773011163,0.46751119042771583,1.6167298136914368,Advanced
0.3111099911431952,-1.0109919644090728,1.312310997759663,-0.8530443449430776,Advanced
0.5062409893059261,-0.9877875685684407,0.5957882298283342,-0.8971197349091969,Advanced
0.9778155496862003,0.45645494205315984,-2.345296869910626,-1.4808847450885074,Advanced
-1.1022697404558555,-0.27122917108454003,1.4480203058665928,-1.1306877129163895,Advanced
-0.33912227927003874,0.08789900581220789,-0.23176037544859507,2.986007047129217,Beginner
-2.0755880090785332,0.7164787464882618,-1.1775004059230192,-1.1614587232838733,Intermediate
0.3076126681891964,1.2136429017760673,2.1721431837739265,-2.620575128973725,Beginner
1.855503314794263,-0.6509458647893656,0.49242279679595813,-0.9416960590251722,Advanced
0.7211353625455816,-1.6776762895890494,1.1887990422849497,1.4930765858342934,Intermediate
-1.222895019555564,1.586765855700079,0.1871840407964359,3.5471661253690905,Beginner
-1.3724655478841008,-0.7772777797739103,-0.5933297064082605,-0.005495883791641565,Advanced
1.1806409124521446,-1.5520659592537984,-0.5573051479925613,-0.3618897094690391,Advanced
-1.9511018640386248,-0.630886515767215,-1.839365699736312,0.10381582084869156,Beginner
1.2528426344274837,2.206966151239077,-2.1731130671313723,-0.1362987509877709,Intermediate
0.2125740306322149,-1.0153568912747213,1.037647629539205,0.9579632641192198,Intermediate
1.4288577078135674,1.7888640256914414,-1.251511213643493,-0.9141800255008472,Intermediate
-0.3494393272169559,-0.7249565568352175,1.365542356009418,-2.0038104801403955,Advanced
1.3462257562027482,0.43373028202856556,-2.5659885101316764,-1.9089168771988256,Advanced
-1.9754877712171375,-1.2875500144750758,-0.03679788568425768,-0.168427228557407,Advanced
-0.5282970466629792,0.5743589425920075,-1.120993439384263,-0.6701183395840047,Intermediate
-1.2992163634458243,1.4403017649962786,1.804306440919714,-1.4879132864589715,Beginner
-0.7121738641760436,-1.7943452832634212,-1.2438403399005866,3.574555892071237,Beginner
-0.8369207037962799,0.6307489915055793,1.3037460247034751,0.3528810684885013,Beginner
-0.9046143749937661,-3.028741026065034,0.4084743632702622,1.8515497170254278,Intermediate
1.1918993344135729,1.2985711587281201,-1.575736821152042,-0.34615118535592615,Intermediate
-0.19539035117702397,1.3912092058591918,-1.9948903405043832,-0.20307677717369776,Intermediate
0.6954024745502987,-0.1508690055988131,-2.220363136788091,-2.846214072485796,Advanced
0.23402445435314795,-0.9001198889824306,-1.0351812542294563,0.7361071507331972,Beginner
0.21209335307417523,-0.6621445494311766,0.5491307975493149,-2.4215444491840907,Intermediate
1.8904406851557827,-1.8319097582672121,0.9805099256020438,-1.6428216700733906,Advanced
0.7441857103150346,2.071255013016264,1.2979574676804404,1.2548415557465504,Beginner
0.3933070500053236,-1.6023239927478388,1.9040649594311354,0.05077019032988761,Advanced
0.9137716213855857,-0.999859037147458,1.7240251237205366,1.4155474619901443,Intermediate
-0.18150316213566714,0.31050796273155545,-0.5215901813368566,-1.1896728239619487,Intermediate
1.649480894323921,-0.9760011349754524,-1.0787043881342622,0.8594553701686584,Beginner
-1.1036698285303692,-0.5802163616902445,-2.1856490891967875,0.42495660539783264,Beginner
-0.7090209576304904,-1.010238762879107,1.207679163780614,1.4515970806214251,Intermediate
-2.1961278210999464,1.0063362297189185,-1.604986276106347,-0.14859655627675317,Intermediate
2.1650560678066024,-1.554063414908137,1.2936938789670642,1.3374794117985689,Intermediate
0.7123221595801621,-1.6126277090396484,-0.2755801176363909,2.339209203263046,Beginner
0.06008599461516361,-0.6725318821680195,0.5770070896805686,-1.4209651373933871,Advanced
-0.49693202511797824,1.0684668393634875,1.0289544914206266,1.9843206393853325,Beginner
0.007880184694728152,0.6570051380151538,-1.833403826066446,-0.14696643050392266,Intermediate
0.5333592447054494,-0.7492583815692899,0.6467819070747435,-0.15973945279543167,Beginner
1.0683793336940164,0.9000580611979376,1.2720899872112383,0.20486518829389289,Beginner
0.9567031863856584,0.8224587062557533,1.37713127554232,-2.475477865261972,Advanced
-1.3957892021924851,1.5903734685145066,-2.1915642051405815,0.5401739607390734,Intermediate
1.0581183250871502,-1.3618561140884362,0.6990329911514039,0.5031673740392211,Intermediate
0.19157739619408962,-1.0486714420194132,0.8172030064216509,-0.5088411872825525,Advanced
0.0785770297191498,-1.2001817861219564,0.9481708133043554,0.95212976257065,Intermediate
0.9515497705740428,-1.6419925142466005,1.1932941434278872,1.5840167164677512,Beginner
1.8071966436378852,0.1328585182302826,0.4949532093114871,0.13487201259773784,Intermediate
0.3467099776049199,-1.010452413463156,-0.7071190866701323,0.10493213789999745,Advanced
0.25866114785538813,-0.4913683853789732,0.016201546343968642,2.1836151157772834,Beginner
-0.13006029355362003,-0.9467511679456805,0.4532371614224181,-0.19853796362732123,Advanced
0.5913492417584003,1.7916798293713783,-2.087064055853765,-0.035380567875276436,Intermediate
0.5904220612514635,0.007988366357458698,0.7048633929955574,0.6770870862606748,Beginner
-0.3150867311941086,2.6241635967840766,1.4537003191998457,0.7649287367800346,Beginner
0.5362909095171899,1.1319447224517436,-1.6165723138565573,-0.35964695048771744,Intermediate
0.8794170411374032,-2.6866672904649933,0.21725416754036142,-0.9108747909927588,Advanced
-0.17909328501615626,1.5231088285333638,1.5144726506782993,0.40956156771551067,Beginner
0.19613145902390733,-0.8534994283546864,1.258094676978979,1.2400043205988573,Intermediate
0.03003147916408217,-0.6199915233060835,0.9572460673408427,0.9799645337196276,Intermediate
-0.5859276733177553,-0.6734355707513258,0.47725966802761466,-2.4032084924680177,Intermediate
0.4004813865063287,-1.389116772600213,1.8235743669310667,1.595738879318553,Intermediate
0.8155010224442626,0.0073440598585585715,-1.8302601613568452,-0.673882525026414,Advanced
-0.15032046027187207,3.3375055156313396,-2.846502755442996,0.8765600735775285,Intermediate
0.4559041951707027,-1.6387283479773607,0.35168738584405346,2.1133705291126423,Beginner
-0.12951724686344077,-1.1247000286731024,-0.09981503078352771,0.9360194976438831,Beginner
-0.02230028371805305,-2.1285203941166113,0.38989188359148297,-0.6476535797404361,Advanced
0.35147990035220167,2.6509357510975162,1.4727744632249602,1.0060913201374242,Beginner
1.362562852712452,-0.6161063910279934,0.4606828995591731,-1.3977680902669312,Advanced
0.5221425459339358,-1.1469406974086291,0.1741649057132113,0.5870369333869534,Beginner
0.5835443030118876,-0.7033660656499587,-0.40767158202519604,-0.29149375537943056,Beginner
-0.7191094514491859,1.9904291440781896,1.4749919535744793,0.84907378362113,Beginner
-0.08087849786546131,-2.2024475471916505,-0.7355795489204324,-2.077475455413224,Advanced
1.9412174364637491,-0.7667069326098978,1.7767310702566803,1.7827697748289204,Intermediate
-0.37058276240078286,1.3860504132305236,-1.7904908126168968,-0.2310925682327999,Intermediate
0.8721970000729778,-1.0836980734103991,1.0160588766791343,-0.6303782227862686,Beginner
-0.10633700253131496,0.9413563848990383,0.7138204137200825,2.135747510927887,Beginner
-1.3717431292635056,1.0846191995918046,-1.1959177093416062,-0.9152374240384371,Intermediate
-1.0753123930492379,-0.8698031924673248,1.246345981966923,1.3504345637070816,Intermediate
1.2189707897936632,-1.15575951947373,-0.32707570231489813,1.171630592353682,Beginner
0.5723903111756757,-1.477035342478596,-0.13679059304638364,1.9058968756561483,Beginner
-0.5969742867210739,-0.41775547349853803,1.7906480310648205,-0.5875877056082155,Advanced
-1.1840305582225594,3.3793702990798766,-2.7756523646164855,0.46013063428428036,Intermediate
1.105900424357309,-0.15323712382013022,1.3746509363179746,0.36067200401798905,Intermediate
1.78179890877106,-1.7615358631825666,0.4189884791672136,2.363300874531902,Beginner
-0.059415181272494094,-1.8129773157779672,-0.5340780306756685,-1.033158072477571,Advanced
0.24300472205439969,1.6497911863998882,-1.592817067559379,-0.7158856652313141,Intermediate
0.07814306296964744,-1.7072313138904858,0.7574856724856702,0.956425746541625,Intermediate
-0.9680457585102453,2.854464680677353,-1.8433371054092293,-0.297152023780372,Intermediate
0.19405194360587402,2.2331369347314975,1.1200934479912785,3.450934670971007,Beginner
0.4968735905075971,-0.14080701207221158,-0.7468366352805922,-1.1621185451131482,Intermediate
0.5798572852951321,-1.403825230749223,0.5469370969348255,1.3655851426765793,Beginner
-0.21345677935043825,-1.4892818348024481,-0.7060083123449723,-1.6948186644959808,Advanced
-0.31030770538490365,1.5599663728193218,-0.4723255134090969,-1.5768358962066307,Intermediate
0.17775010626803134,-3.3241011852921067,-0.009021609039701506,1.5076659147702314,Intermediate
-1.1967886464263116,-1.1948988317765192,-0.21761483328830478,1.3986769377239359,Beginner
-1.8400777445057528,-1.5990629392298916,-0.25244652043318705,-0.32772351310023895,Advanced
-1.1071568168024517,0.9539868206779301,-0.5924914206916199,-1.42957397765827,Intermediate
0.5861658003927833,0.5343121270679384,-0.42623563330257686,-1.4051313348172618,Intermediate
-0.2598001407675125,-1.165881453181881,0.9278116128407901,-1.1392544291932545,Advanced
-0.8966422273152082,-1.0610023754372775,-1.0079311005284644,1.3202060642274587,Advanced
-0.7097889922335351,1.0004660205627136,-0.482567526165788,-1.226157960847437,Intermediate
-0.1962806513879368,-1.1900055687533326,0.31879393317707905,-2.145185896652422,Intermediate
-1.1952937635992447,-0.2901062315726993,0.4771293706866022,0.3385708357860777,Intermediate
0.216624975404619,-0.8349707557211551,2.019596464131217,1.8185689989361626,Intermediate
0.18947982122108065,-1.8442378861299575,0.861434267781674,1.3817867009660125,Intermediate
0.8764556455029355,1.026759955012884,1.2883624821367217,0.3302223728988267,Intermediate
-0.031203488939083975,-0.2593131552338048,0.9279105843266091,-1.340206558900554,Advanced
-1.6566232076777738,-1.4220483908983765,-0.7162345519102827,1.938535443864741,Beginner
0.4281862478105761,-1.3159494173555852,1.1303204538007163,-0.6881792326776024,Advanced
-0.3021805869826214,-0.041958762291153806,-2.0692950763789746,-1.5999172643971886,Advanced
0.269294752580734,-1.392239720809107,-0.189072175379432,-0.9267740824790655,Intermediate
-0.863493604964934,-1.71797318496938,0.30864605810548607,0.21817782544586883,Advanced
0.13429649724779288,-0.5883266725900127,1.9489023875944782,1.6550523546681695,Intermediate
2.052972024501663,-2.628643170380849,0.9950481249114878,0.6405195217593134,Advanced
0.5827375831738644,3.921777558329784,-2.7491863140563186,0.24741920642669268,Intermediate
-0.6220348055543814,0.4642392012060603,-0.5806008354122878,-1.2296790271048794,Intermediate
-0.12373268009975662,2.33476467203397,1.4072997294049414,0.6833700294986005,Beginner
-1.2284438312657626,-1.0879563034127728,0.3820537005097979,-2.3647410911782085,Intermediate
0.6405429350747734,0.288176764593293,0.3653796136708931,2.1091758334310104,Beginner
-0.5639474880582432,0.2566614445676516,1.135741494578469,0.4986006303486489,Intermediate
1.0018248536819372,2.10061286818114,-1.575775202798295,-0.4348337772402764,Intermediate
-1.2804555710024668,-1.4558576427782977,2.12248291992627,1.5807119037531243,Intermediate
0.000682818957482628,0.6519183031280553,0.9998413914283285,0.51985061387164,Beginner
0.7214793237573432,-1.6624866661660875,1.124818391388212,1.7131321205192522,Beginner
0.12307820165618115,0.7826708436688907,0.279563558163879,2.7854966077662606,Beginner
-0.8927875154918841,1.412315892393221,-1.5299625018994685,-0.7326706055344203,Intermediate
0.07125374991089249,1.6205235983532023,0.3740378880980224,3.9697545976263577,Beginner
0.04600274725327412,-0.5763469919225226,1.7208507620103122,1.3117250317278937,Intermediate
-0.37231905293792283,-0.1629980793908522,-3.1975980744168497,-0.18984380177832327,Beginner
1.3313390619884031,0.6653605376328477,1.131452688200636,0.18696653974432165,Beginner
1.631856899089109,-0.676607438792899,-1.837463763402638,0.7327562684759674,Beginner
0.15805348992013185,-0.9934284688325037,-0.6470240214384384,0.876527962730904,Beginner
0.8580141953021454,-0.1944693036814813,-0.8402031821178324,-0.9433292985640087,Intermediate
0.3616610612470166,-2.4927849714672723,0.3827929552702932,1.3484894616004341,Intermediate
-0.6327550298850391,0.8281393012023813,1.577594459730213,-0.6101520224168373,Beginner
2.2724347204468818,-0.2718836275728512,-1.9107994581837322,-2.069166867103486,Advanced
-0.14702542343084998,-0.6817764264120669,-1.1669189685874808,-0.9138631578951082,Advanced
-0.7567639770159263,2.1752361365721535,1.7911427426054916,-1.1026134199116195,Beginner
-0.7746149700185819,-0.41875429528983277,1.1818269413443414,-1.152708214288851,Advanced
-1.0425776946705763,2.8558958945433526,-2.1530320949722146,0.05134513514012817,Intermediate
-1.0973683189710666,0.6109139389323783,-1.122965561161437,-0.6904297383594222,Intermediate
-2.4878086565350794,-0.31781096593745906,0.6248858484624258,0.5294544371286853,Intermediate
-0.712220763649051,-3.6315500675041963,-0.11838016074647073,1.1517997590928375,Intermediate
-1.5769964821909972,-0.9876540615230617,0.16690019867885764,2.1202993649848683,Advanced
-0.856498237409199,1.989975319990081,-1.62714706180486,-0.20240688021090592,Intermediate
0.007178466907941942,2.4616120021432497,1.319531518243525,1.5525711572857197,Beginner
0.3614173172731029,-0.5862853652169937,-1.0230236311191239,-0.20099622180970722,Beginner
2.042076040143744,2.4664917218168396,-2.1649210818030937,-0.03612272581025511,Intermediate
0.8890371222798921,-1.3726058359350946,-1.7579337304987661,-3.294130210947283,Advanced
0.5507975722736632,0.26128746978520734,0.4900362189794525,1.820023247027991,Beginner
0.13988723283912738,1.3565494541981906,-0.9473633457011312,-1.026200712095358,Intermediate
2.049812095785926,1.1433817520523777,1.4915708813472557,-1.7923257235260883,Beginner
-0.45909031021899177,-1.0341140806295346,-1.2516624030824586,1.1017668541228072,Beginner
0.2514736089405121,-0.7095369966525602,-2.0632532767909884,0.9400066795158031,Beginner
-0.23596998721097162,0.6459691741539235,1.2332946872395487,-1.060273691817132,Beginner
-0.12372894627483615,1.0680193182303765,-0.5409072294146919,-1.7470541369800996,Intermediate
-1.2845842656999693,-2.440193275486278,0.4542460778220978,-0.22336407156123528,Advanced
0.3631156277445234,-1.3918123317928053,1.5949127070603655,-1.4127231552774473,Advanced
-2.9069882193216414,-0.954455363900217,-1.8785530724601407,1.2529915083530532,Beginner
1.4473056993918065,-0.5855104729632014,0.673377183338293,-1.8263990430063117,Advanced
0.4283166923752375,0.6676283335946105,1.1305390394684474,0.4342694616740985,Intermediate
0.14098269961206,-1.281761382756217,-0.6819547917365176,-0.29243499180630494,Advanced
-0.6113852473886282,-2.315587995235723,0.01624151330290724,-1.348822226627233,Advanced
-0.18144906924751675,1.0073762529109198,0.9822789816295292,1.6020321432540396,Beginner
-0.1858457521927473,-0.6906911787028123,-0.8228349936328208,0.15841467998054348,Beginner
-0.06468860503251848,2.3620678933858286,1.8837913808694267,1.0357244748850147,Beginner
0.47347189903522846,-0.5320568216136912,-1.5181584729360988,-0.21656842862265435,Beginner
0.2810092502818063,-0.03949941743306895,0.3919673099855048,1.3257390813502377,Beginner
0.2579759812211809,-2.3367434418769797,0.2718801057974558,0.9451372693307976,Intermediate
0.7751554940347831,-1.3490845639842117,-0.9818453576991093,1.827327452224785,Beginner
-0.6749340187905523,-1.6075933804520481,0.1396813796528249,0.41874841657748463,Advanced
-0.6176416769336966,-0.5737939745915117,-1.37559241815097,-0.31862192661673006,Beginner
0.32208231076698546,0.9383026401347981,-0.799291825005221,-1.2339044534029695,Intermediate
0.3361449630262288,2.805054789482554,1.2732925495102776,1.8622529222595352,Beginner
-1.388542553831211,-2.427542822612095,1.5723681920201797,-3.167307939299721,Intermediate
1.1701987091966037,1.2504485863171348,1.8761887168755722,0.9009663920293738,Intermediate
-0.7239903317426091,0.2701727709312879,-0.8980538515081186,-0.9056874493794029,Intermediate
-0.08371795984921201,2.293461737827667,1.161948289824704,1.3004273324124456,Beginner
-0.8342818100346248,-0.0007816833508383914,2.467941615455978,0.06216802736922156,Advanced
-0.12205713212127726,0.8027043330443154,-0.7021937035029916,-1.331129421241159,Intermediate
2.169936588080543,0.37992364675054735,1.8920288025618843,-1.0233452760683888,Advanced
-0.33078922432755736,-0.5990806914929816,-0.29935896067577183,-0.6439137467994023,Beginner
1.6406145634882874,-0.08242665513902447,1.1139752881406229,-0.6638200498746162,Advanced
2.271449745422796,-1.8075430236084218,-0.17612563757149702,-1.0225353259554915,Advanced
1.6284685547723217,-0.039261068025184365,0.905573065227569,0.261635151557695,Intermediate
0.4441983272906719,-0.7027483306368896,-0.9534490744489649,-0.5630065738703391,Advanced
0.4961991873633163,-1.403876456949091,-0.7627682205735705,-1.2718015482352356,Advanced
-0.8162172445419648,-0.8717587039219546,0.07518666351997871,0.4242854463649772,Intermediate
0.46248362406685406,-0.5026409087970665,1.8221519763366185,0.08736974019220956,Advanced
0.5825713188088052,0.7051051603022966,2.173243200472502,-0.15889682599409383,Advanced
1.2208212988130478,-2.8363725271908247,0.9716344467188327,0.02309994432891238,Advanced
1.503419828428999,-2.658555071892116,0.8128402357393921,1.4714681722598857,Intermediate
-0.6028206557839616,-1.6552814121980464,-0.02748521521528635,2.459358637485388,Beginner
-1.9080021371233076,-1.2485679330861028,1.68717688883445,0.9900115692397782,Advanced
0.7640297815728595,2.234771857005412,1.6116634694140588,1.193717107008075,Beginner
-1.5614932224418594,-0.15788099447304238,1.0054327295684027,0.6349795890503612,Intermediate
-1.372859451481064,1.2215080837773384,1.307445311774568,-0.29418124608081,Beginner
1.057368305378225,1.4705941817654,1.4022302545248537,1.0575491063852904,Beginner
-0.5482002981667726,0.573146260913197,1.7073484789422095,-1.1303582054977865,Advanced
-2.077811819856197,-2.108874043597685,-0.5192171350694821,-2.3565630090682212,Advanced
-0.26265952031616774,-0.38772140991451365,1.840539888671746,-0.5565173965673866,Advanced
0.7719201548366751,1.4793090168125382,1.6075929103964808,0.1959245380274789,Intermediate
-0.7076258948220261,-1.232414500344743,0.057974661443361386,0.8991511249808372,Beginner
0.04693490206036963,2.1917913648933487,1.3268644837441863,2.6900375255646543,Beginner
-0.535316712567659,-1.0385768862916172,-0.6889292450039666,-0.2073820132530314,Advanced
1.4974316831796264,-0.2941165415811521,-1.2148249764447696,-0.358639701550313,Advanced
-0.524662407066803,2.2156344488515956,-1.1710135990086739,-1.2993675828645967,Intermediate
-2.0820987031889873,-0.9720677269579646,0.44537384888229314,-2.1880535064693176,Advanced
1.494938227453236,-1.2075666992350524,-0.3035492984602083,1.1251836152201018,Beginner
-0.8852486861242225,1.500616845322207,-0.6687621763041788,-1.7631156720094792,Intermediate
-0.4545477187434442,-1.0943415397360245,-0.6281692216773823,-0.4722013647447838,Advanced
1.9114190871397234,-1.1479166948027832,0.9507355501663023,0.5492142889770988,Intermediate
0.5320061988219431,0.29220435006164047,0.9957496615458761,-0.23761976043592337,Intermediate
0.3883120054234496,-1.4356320127401987,0.42589891280866177,-2.203715802791259,Advanced
-1.869816339532164,-0.8843798245083131,-1.2491025027254143,1.040357409236744,Beginner
-1.2883076174635377,-2.357404836491965,-0.5066855940787978,-1.4798947776133797,Advanced
-0.8320613048498566,-2.7730934480308385,0.9539706171532667,0.7020607056148529,Advanced
-0.8729610904537004,-0.9918110283806872,0.9764789482773119,0.9921725150578833,Intermediate
-1.4152671919241875,-3.019059844334273,-0.3443866205615327,-1.9478309437866737,Advanced
0.7821300015314592,1.2346170905670615,1.191587314306192,0.9047309423668811,Beginner
-0.5244481362626519,-1.6496189390707818,0.05322355822209124,2.250549009078408,Beginner
1.2292147842970504,0.9776348633161948,0.9893725831100698,1.2760428748747656,Beginner
-0.35667313417987123,-0.9103357922083135,-1.0749838111863521,-0.9502304898713171,Advanced
-1.514470309180767,-0.47820174891454736,-1.5054854527195611,-0.258900871648607,Beginner
-0.21566763754763232,1.5092614067110133,1.6258178376471877,-0.2685952294109972,Intermediate
-0.41790954576589057,-0.4789380305307792,1.7461255513483,1.4667914369343533,Intermediate
0.3216785413765001,-0.8361326934155109,-0.787230080413956,-0.7026301596565688,Intermediate
-2.0650830462563206,-1.5915756897862927,1.4570171194413213,-1.8281046423211786,Advanced
0.22899639245934025,-0.008828625727341777,1.5911051007121613,0.7515355928299863,Intermediate
-0.3301200939664503,-2.6711733609352235,0.5584578010403035,1.5024381631775519,Intermediate
0.4258436586298291,-1.3957878119541922,-1.4582093432137766,-2.3221834346071866,Advanced
0.2869558543017087,0.8223469581980235,1.1004941263760708,1.5106809323295138,Beginner
-1.1410085097527383,-0.13811642401608482,-1.7031744100984973,-1.632072871436873,Advanced
0.46436986354657417,0.32645877788934186,-0.2727941339069111,-1.7355645132706128,Intermediate
1.2769653860881878,-0.9651580989617268,1.1220859205829414,0.957138994073142,Intermediate
0.8347513263248821,-0.6819122548384121,1.892596379551284,1.6985608839925894,Intermediate
1.0487071264165635,-1.2473901146731492,-0.45536568668339517,1.5189853236679043,Beginner
-0.524567013767051,1.4349025573640728,1.1288935608209558,0.9226436986393183,Beginner
-1.0022170189267248,-0.739862700759863,-1.296042614384402,0.3323808442828483,Beginner
0.30170000890173554,-0.4275477292199783,0.2662287756852866,-1.8406915719766244,Intermediate
0.696167997159289,-4.022879247058842,-0.5795148726580941,-2.1243155811052077,Advanced
0.32910677871012955,2.1238603573270534,-1.893794922263503,-0.08798246239830787,Intermediate
0.018819049740598424,-0.8010954519122139,-1.6267500357207547,-2.270341716121769,Advanced
1.186734620177331,-1.2079910507129266,0.5304302714061193,0.6458878962860202,Intermediate
-0.3899237065594453,-1.2671322670174674,-0.35532559714071044,1.4910126087746256,Beginner
-0.41222074502447015,-1.5193364510505667,-0.5084496708012907,-1.2777571469026685,Advanced
-0.09338685889994829,-1.0275172634720102,-1.1026960114378188,1.2876558843506956,Beginner
1.3845320475939062,-0.9642228434116186,-2.096619280446992,-3.376898116958409,Advanced
-1.6873443471107104,-1.209877578141249,1.7304404117924275,1.3503572603379606,Intermediate
-0.3464265060068996,-1.4020800455184033,1.5744217645224063,-0.9131237880682379,Advanced
0.7356219972457467,-0.7426320516673055,-1.221839840529362,0.6464178213127493,Beginner
-0.002403840918853844,-0.9194932414852924,0.23996663728197998,-0.19780806692172348,Intermediate
-1.7312013034449254,-1.354977768451978,-1.0139963532106997,2.1151816107215673,Beginner
-0.22747625995340778,2.2588607862946217,1.0480206419836215,2.157042111576622,Beginner
0.5697603571986469,0.6940568757315173,-2.724620393061173,-2.0522141655560784,Advanced
0.8814075289235711,-1.150108848497483,1.050051269661987,1.2613758751625705,Intermediate
-0.7170161491279362,-0.6951288743228061,-0.8102795934633344,-0.43067498137326077,Advanced
1.8296202017160872,-1.0321714064274123,-1.8922247710555193,1.54176061148193,Beginner
0.7597122954841684,-0.8685507023925064,-1.9199039445403707,1.1771767651078258,Beginner
0.25719897035592737,-0.5646979963295837,-0.02456001873157254,-1.458227662097192,Intermediate
0.6928557558178116,0.2686092805077145,0.36311925960760816,1.2395122636768108,Beginner
-0.27999330187447974,-2.0308318288805665,-0.28916800718602165,-0.5178580361199348,Advanced
-1.2644984069549656,0.8420070364826318,-1.300525875454676,-0.7460237198438646,Intermediate
-0.33286040438251124,-0.6676354020678977,-0.9984073360660615,0.08826576532353336,Beginner
0.5212799050138145,1.0664546959581669,0.5775175990662682,-3.003764479647968,Intermediate
-0.14037505890533644,-1.3036513434713384,0.0457927815506477,0.35985619670610436,Beginner
-1.5457297866907331,-2.8253713465712997,0.06908877261409763,1.3728344896820341,Intermediate
-0.16563141031763223,0.3950716547966604,0.3419687294720054,-0.5055048877181103,Intermediate
-0.6769951384585313,-1.0258128956197483,-1.2880384421849216,1.510835522093961,Beginner
-1.9689231424160831,-0.13566324851150102,-0.278498515250142,-1.5686351640429361,Intermediate
-0.2798103423770061,0.21718956353837782,1.3310367262794236,0.5326676937216085,Intermediate
1.3995946451457935,-1.1101075672739436,0.6573637174915901,0.7487781053040923,Intermediate
-0.43112556957509907,1.5390075229673759,1.6204328001058945,1.0319582434108456,Beginner
-1.3554475031122892,-0.14623601587332669,1.404055016134865,1.6758989161164455,Intermediate
-0.3270173176097711,-0.19600218168159422,-1.4506677691706924,-0.3106694558040235,Advanced
-0.7955570679408823,-2.1965149050695594,0.7887212489880353,1.3109591557072497,Advanced
0.6386601686431024,-1.0689203670984577,0.8755318331681479,0.705505724544331,Intermediate
0.1986800095474069,-1.0859701266716995,0.17923205684634236,-2.3943526423610426,Advanced
0.8467707752164937,-1.438925687909454,0.4517877510701829,2.0145766983804574,Beginner
1.1013229577357622,-1.1452913719518543,-0.7874055569647245,-0.5476246727072157,Advanced
-0.40968659262949736,-1.724511925505139,0.25061433973558844,2.4859282866055548,Beginner
0.3123782104665717,1.1094265711952944,1.1290588716388492,0.17191940689948537,Beginner
-0.3409078773460798,-0.3645158074796009,0.9136823087831037,0.7064128296396626,Intermediate
-1.9782252493748103,2.214633408116958,1.3451067568008774,1.9219708115659122,Beginner
-0.8130143722601298,0.17344856005573317,-1.1019195351551532,-0.6154264179456821,Intermediate
-0.7908993816675531,2.343019335963878,1.8902268185807785,0.5922362174770881,Beginner
1.1945922205137307,0.6896212716664374,0.28774068732616254,2.4156034851060917,Beginner
-1.0263692076658921,-2.387715362695014,-0.3443979014794951,0.7384419653897512,Intermediate
2.5115565515844236,-1.2705145784708194,-0.6829052782984457,-1.0377782324118248,Advanced
-0.6277339060845056,-4.6599604062581665,0.4052825221852413,2.483837343087748,Intermediate
-1.1818741254208012,-0.9971930735632241,0.23803142422491586,0.3712201321502999,Intermediate
0.9003985883950636,-1.0492761058802778,-1.5585686786626298,1.344895252007818,Beginner
0.5531491563792091,-0.7089884533832983,2.5422998882976966,-1.6604070445171033,Advanced
-1.2172826922204794,1.4791030248623078,-1.8296641522443369,-0.12352964432965452,Intermediate
0.10940847183297006,-1.1831195665683232,-1.2287896620511602,1.436409801568597,Beginner
0.9784221120280351,-1.3016905709267805,-0.4068533312165833,1.9360849292255482,Beginner
0.8496119885162131,-1.0675997301935989,0.9014665973626277,-2.1632317756784,Advanced
-0.39568071175626385,-1.7243949376115377,-0.14478037557934065,2.7138696531268076,Beginner
0.0731969910016945,0.6795735264087583,0.5075267543403974,2.14079194867462,Beginner
-0.048088507330772585,0.16444280954328594,-1.6807443560661657,-0.3860433136646112,Advanced
0.04930833152022263,-1.9350495768387137,0.017042685920783507,-1.7298331252165196,Advanced
0.017613251933657315,0.6256143114530982,0.141234317040549,-1.9151616225033758,Intermediate
1.0074439731951985,-0.02153319351992955,1.0250521999949154,0.3295495420340484,Intermediate
-0.2880388739220764,-0.20395400499072702,0.4143463957258541,0.4568910585069462,Intermediate
-0.48827384245154465,-1.457550156514597,0.09530256788554003,-1.4903798748388486,Advanced
-0.7380570836613916,-0.31105728592419857,1.339546886760855,-0.6219727998110912,Advanced
0.07959786237603639,-2.4965531935931136,0.25222500184225505,0.7432522554848897,Intermediate
0.19548173155329082,0.2750463432987549,-2.2111172821985687,-1.1299551654277509,Advanced
1.6087808557343735,0.666849443627557,-1.7478838754293897,0.190857619462228,Intermediate
1.3934545275244314,-1.7367677174658527,0.19315356446544096,-0.6107109889231319,Advanced
-0.97536602727825,0.7225595808345197,-0.9121937662732661,-1.0328886152229797,Intermediate
0.44947391283230687,-1.5248664362088782,1.8635767775614713,1.7260282220228675,Intermediate
0.242882013150275,-1.6354439238903287,0.18241553110343078,-0.9725795229413567,Advanced
-2.390304367469438,-0.6296774389686832,1.4865521279784866,-0.5211600391266012,Advanced
-0.9162741005637249,-1.698105958072229,1.1431293999810146,1.380028907683891,Intermediate
-0.3828171896129687,-0.35223325818474405,-0.9765872191203787,-0.45271330408753796,Intermediate
-1.1430193120737286,0.8436396219923016,1.0514421041303195,0.5370740107829165,Beginner
0.4875602970867186,-1.0125341790483553,-0.06012577953262255,-1.4750210192491988,Intermediate
-0.552920837367302,0.9723052677376895,-1.0332525098476364,-1.3665762240278643,Intermediate
-0.47126374070251964,-1.340441530223384,1.2054490242762435,-0.6857377781253411,Advanced
-0.5152183938082427,-1.4462674424519213,-0.7143139043501019,-1.0140065982737747,Advanced
1.7120402840178925,-2.0398929918951794,-0.6907752384266523,-1.5222868125301945,Advanced
0.3791531187261241,-1.6928465595041333,0.23702049881911835,-0.49588956583271504,Advanced
1.3286408282482312,-0.7718740087153553,-1.2132540752917662,0.3654278685638993,Beginner
-0.6701152004542329,-0.18972631609693424,-0.7660136381874412,-0.9837914881170207,Intermediate
1.8180619225578247,-0.8438610634345459,-1.9065150692257287,0.9304653438436487,Beginner
0.4936548476431509,2.892966980237782,-1.2401406251834461,-1.277912999149929,Intermediate
-0.07397286359437803,-1.6310434369757263,-0.5693297721386096,-0.920663575179988,Advanced
-0.8049664808525608,-2.60533667995621,0.4160611384816515,-0.8110365975715212,Advanced
0.5136144642310962,0.6072816689975647,0.8818199103695559,-3.272345237942002,Intermediate
1.643378155804534,-2.7539025624513176,1.1305146046420698,-0.7847971314992533,Advanced
1.2753907379990148,-0.01633671518289659,0.1038493119169771,3.0832271627916294,Beginner
-0.8783230771797389,-2.768630620017967,0.13040500421151358,1.1489376520279806,Intermediate
-0.14896930976729691,-1.8420494655119894,-0.13300606234738654,0.8149839644722209,Intermediate
-0.3998990621311371,-0.30127245660065727,-0.7111834271721118,-1.297432190231041,Intermediate
0.18517553682991406,-1.3870679451427288,-0.7197124037609649,2.3534369314466446,Beginner
-0.9645377949101913,-2.3167446852726887,1.5065435737086719,2.30745200922503,Intermediate
-0.17280173739646437,1.5043893210342913,2.050210964382901,0.7309137983224383,Intermediate
1.3183023248526693,-1.2840442812348842,0.5072565823171351,1.1668488184054446,Beginner
0.33868731792169,2.8190849549315473,1.7439855833473383,1.259377430279219,Beginner
2.303638752104789,0.8679202732028304,0.8225945455662678,0.634453419737496,Beginner
0.13906039865341766,-1.5885504423776746,-1.0056846998928561,-1.693312074532545,Advanced
0.861636124497944,-1.3002680249382295,-0.4516768970625602,0.24000258347447634,Beginner
-1.317131919946585,-0.7170315550561763,-0.9718470066008701,0.1502274769112527,Beginner
-0.09445871444200275,-0.9870685725686438,-1.0009650722096746,0.6856867513969973,Beginner
-0.06407776414871663,2.5040548036509054,-2.253896464899367,0.0011413881449406915,Intermediate
-0.7393714074590363,1.0960383153380717,-1.554460367002152,-0.143135524788513,Intermediate
0.8201581867554845,-0.7428486025673233,0.712458202268939,-0.5129641517184056,Beginner
-0.0350076100062359,1.4052929458295693,1.71459302196331,-0.13824489699259868,Beginner
-0.809380821082754,-1.3865938764415404,0.2688499370277907,-0.5180263503828626,Advanced
-0.2116669819311769,-0.15501352598755036,2.271275495795706,1.2498337682146576,Intermediate
-0.8468509661253646,-2.9238389545337133,1.1663950851341265,1.9069086187768045,Intermediate
0.996118214911129,2.0933693377213127,-0.8627540196715467,-1.4479752215797297,Intermediate
-0.8638829605897661,-1.4381549121550794,-1.6162100145717635,2.422917839528302,Beginner
1.1727568452674448,-0.22459840459195413,0.6867533572457604,0.7229050930430407,Intermediate
-0.09662367001488972,-0.901215104063293,-0.887292868773089,1.0193447996694749,Beginner
-2.128734094414812,0.2338971905583671,0.6118686263293693,0.3087095082851137,Intermediate
-0.48083378951197936,-2.1094124227888233,-0.702446588075484,-0.5894655751647908,Advanced
-0.28313889674376713,-0.8809563850649706,-0.5181291443044587,0.1658713162125568,Beginner
1.088769654216672,-1.1626445880050909,-1.165532805633652,-2.155696039451216,Advanced
-1.889649292096153,-1.4400124857458516,-0.390265841224948,0.09870813115305177,Advanced
-0.5321685631271895,1.3411388817916592,-3.818367715860128,-3.6808798343757014,Advanced
0.5002404694365699,-0.6024483745847209,-1.1616112723569756,-1.0350456783583215,Advanced
-0.6922503292658964,3.159433563766061,-3.062656042938713,0.8982025307399066,Intermediate
1.1818910929599615,1.266220651741219,-0.9468326050611843,-1.3618768841329274,Intermediate
-0.581782033392054,-1.5162667948302744,-1.0116337675322928,-1.7320950550011567,Advanced
0.42934082280173436,-0.0015411643559252175,2.286461771920224,-0.2197824637283089,Advanced
0.570507208354516,-1.5680688190266192,1.8760228567537964,-1.0783607586315969,Advanced
0.33802348110170816,-0.4190419841549339,2.228014467126476,1.263105197748617,Intermediate
0.7828737349485725,1.4200096355002971,1.022848526783242,1.838343168948025,Beginner
-1.0257526836402773,-0.29748482627458916,1.9017412303842054,0.942071759598494,Intermediate
-0.6073544332122114,-0.5456796391124441,-0.5061556663229383,1.367960538494454,Advanced
0.18106274277108234,0.06425461713617697,-0.7367101647657098,-0.8415274217687838,Intermediate
-1.6158867874104728,0.9201797289284943,1.9212010820857586,-1.728268746088909,Advanced
0.6032475005713938,-0.27687253515786003,0.6371087846642731,0.23472441570777802,Intermediate
-0.5806483025539511,-0.9287236884686962,1.6120821469737407,-1.1401817670998864,Advanced
-0.3256110521485036,0.24439572473352722,0.5002651332407642,-2.8308711567789766,Intermediate
0.5483196275544987,0.9496430620060672,2.639296636331352,-0.5239488039927962,Advanced
0.1566937282465246,-0.1609769355147601,-2.2218513759780567,-1.729437525975438,Advanced
-1.7518288067517191,-1.163994885979744,-1.1216712584090311,1.5942594480396888,Beginner
0.2078025073533134,-0.9662903968163876,-1.2512698288162436,-1.3246409900756253,Advanced
-1.0773760769847582,-1.3763677984344673,-0.8112259325402346,-1.3292121634542913,Advanced
0.33260751032419755,-0.910833072751448,0.36181722216282897,-0.8796154300548669,Beginner
-0.16036008104483077,0.36033256125108526,-2.187428685871519,-1.5718900568788374,Advanced
-1.9685042134380537,1.0685454610937861,-1.5961005254768281,-0.5737318986310289,Intermediate
-1.2931415437586478,-1.4962822494371866,0.3984285419624598,1.6454146355260373,Beginner
0.47543068252662346,0.5351828308471871,-2.0308419166128795,-0.6554966850091153,Advanced
0.9583858198420424,1.7487675211070264,1.0671206775132587,2.579987032315115,Beginner
-1.0513099116393445,-1.8180456616549057,-0.2993540381072807,-0.5924580181202488,Advanced
1.0587285298838789,-0.3959175813488609,0.35677705289001194,0.5242829849001092,Intermediate
0.47004418736820214,-1.139014449586767,-0.9080067945981154,1.4568095481298011,Beginner
1.218194711754256,-0.7886126270464051,0.3420466040594494,1.2308511898415404,Beginner
0.31745326125017514,-0.5587633109509094,-1.607309309105049,0.20708400823803585,Beginner
-0.4124138182164804,0.7279746474315434,-0.5721134847810349,-1.4075461238601572,Intermediate
-0.28438464960650933,0.6522835382610961,0.6317888842461366,0.43987904540780054,Intermediate
0.5114995753618614,-0.0822903732083109,-1.37208032704853,-0.9959371927892747,Advanced
-1.342127748485115,0.6689205616005154,0.7151506415165294,0.4947831839910596,Intermediate
-0.7146806769904318,0.4151030989973985,-0.6672330506267197,-1.231950316830647,Intermediate
-0.1942691319785193,-1.3526240865404469,-0.4854900686992475,1.7110071736383934,Beginner
-1.2374266382225725,-1.396405429757166,-0.18092213938303003,1.5723469861713235,Beginner
1.190548594343596,-2.3588146119995623,0.41225922487543665,0.8087653173931212,Intermediate
1.7963608229269636,-1.8150204347209564,0.762108674674574,1.6140428010899424,Intermediate
0.12617790366196718,-1.1894589825993986,-1.4709117677922183,-2.954742757192504,Advanced
0.4581681147886987,-1.0877025181056685,0.7402704730681233,1.0275679122610861,Intermediate
-0.36146276669398575,-0.9868668753055623,0.1874376544152383,0.27070771174092745,Intermediate
-0.3748220566218061,-1.3657621025919098,-0.18609097130946128,1.5783542528650134,Beginner
-1.8316822472060261,0.5272344948031977,-1.4262257991325638,0.5729703902846341,Advanced
-0.5336003064391669,-2.8371591916236127,0.7313263146732731,-0.019739106792899475,Advanced
-1.7938924978678903,-0.36672413738670984,0.6277674625772487,0.7759378627901802,Intermediate
0.7510994545073101,-0.06690310389886978,1.7424617532006403,-0.015868506045186748,Advanced
0.1812511626020504,0.021469899365425205,1.7776926419948824,-0.6531665781742919,Advanced
0.8723153800284503,0.4651197429555547,0.6072086186911566,0.6522342685476579,Beginner
1.4526167454861794,0.8795103577486338,0.836522776375146,1.086319405096173,Beginner
1.2906444609225471,-1.8077192105400894,1.314354777132678,-2.037221812762052,Advanced
-0.5505519317084877,0.4258273393223251,-0.3417201410964881,-1.7075227780497086,Intermediate
-2.2168188393540644,-1.728904658680816,-0.13778030112918105,-0.5477430307236519,Advanced
1.4363354057059785,0.11493104942080468,1.3815726346483517,0.7128664689336499,Intermediate
0.47154238041820573,1.6378984957575229,-1.2096856639975904,-1.1337020043260064,Intermediate
0.5222506360177785,-0.46188362727083443,-1.5614318694588347,-1.1473316031732923,Advanced
-1.433151814524712,0.47672495646438084,0.560446670877188,-2.5193325705797136,Intermediate
1.279464931657751,-1.1343352862977811,-0.9977128334976534,1.4946145081858453,Beginner
0.16048962397348007,0.7978632169854172,0.17776123972850988,3.4722742160162836,Beginner
-0.4159669279473586,-1.203031867878999,0.11130110854565656,0.8665032227105167,Beginner
-1.1996975283653082,-0.45197804380504314,-1.1094547106874688,-0.2709124447458211,Intermediate
-1.0158788269899783,-0.06311551607775612,-0.5973827285651412,-1.1900175767013181,Intermediate
1.6291663649009451,-2.3454549446471304,0.6353634032301883,1.0587962499782262,Advanced
1.0697714549838502,1.2928557749504266,0.8141590220040276,-3.485925286987066,Intermediate
0.2257615231117544,1.0899618873516317,-0.67899173823437,-1.4743361398740429,Intermediate
-0.09791524644290406,-0.23495963693147015,-1.1841753107263024,0.058395943235828085,Advanced
1.7031726099180378,0.24330176836334227,0.8227752603473899,0.6981939111835076,Beginner
0.8407344821295493,-1.596093613478181,-0.34488816542133194,-0.4004816485975191,Advanced
-0.5258796758952039,-2.0641802130426674,0.8210285703715382,1.0193456104990513,Intermediate
0.7105491022977853,-0.6829006280567795,0.7886415411900172,-1.421763135397978,Advanced
-0.41521376790527154,0.7329476802939339,1.0979639071877387,0.6052446942198224,Beginner
-0.5892716517893062,0.13913760055307134,1.3070289161719506,0.34406811267062576,Intermediate
-1.6826586941226858,-2.712238002556487,0.2108607964498005,1.3120092464651567,Intermediate
0.5530400858523584,0.05708869605482292,-1.7353812670258022,-1.7138509731840488,Beginner
0.4201915428949916,3.0627679076976553,-2.359339187140754,0.10850181008485404,Intermediate
0.36064789143579495,0.292404219504816,1.9120679057888528,-0.7408101297521525,Advanced
0.6647027453331099,2.2822309459786103,-1.0853156839807876,-1.4329350467946707,Intermediate
-0.7068925679873489,-1.4301728615447349,0.07457753175216153,1.8364911615848674,Beginner
0.14506374595938162,1.1060690895624925,-0.7243701039115876,-1.4364965417476698,Intermediate
1.23000057271915,-0.8407682501953575,2.0481566428052274,1.7737193499361386,Intermediate
-1.611567359102828,-0.8196872742341865,0.7611059687977955,-1.7062771981001599,Advanced
0.5740712208940013,0.605896957529269,1.4541305206005593,0.6296909863045473,Intermediate
1.2302221756507876,0.42589923028292676,1.998371267689811,-1.7692501204923494,Advanced
-2.1523835446091804,-1.180426906354554,0.5589619579861855,0.9273377301290355,Intermediate
-0.736770135947622,0.19582544865921636,1.7091266915429224,-0.7458489848239851,Advanced
-0.9425580057918763,-0.5247258192265698,1.79634150319683,-2.841030417615112,Advanced
-1.365824155415439,-1.3541956212985917,1.517288383609146,1.6064968065517649,Intermediate
0.41644603810145264,-1.7934347835750795,0.9739642763779738,1.7729041542932586,Intermediate
1.4891131083282896,-1.7618000084934495,0.31913610908774137,0.9744266634851739,Advanced
-0.07906734186455629,-0.16508076274892014,0.6646104637975462,-2.5541837362329383,Advanced
-0.7282722024066131,-0.8976799444206633,0.3185304620663394,0.4491430101395175,Intermediate
-0.218653277435036,-2.622487330040625,0.015064527664355731,-1.414141341871578,Advanced
-1.1780408673763807,-1.233213166126983,-0.5746363414440465,1.4033218986606517,Beginner
-2.6031370878272986,-2.0584577081541617,0.1800804543773591,-0.6985399321050934,Advanced
1.3522026788671444,1.022642598787581,1.2381718289655348,0.03161383412531349,Beginner
0.4512253193185082,-0.9495274205050679,-2.2041923791070612,1.7934357281757904,Beginner
1.3554428011054958,2.865750726319815,2.09012555511028,0.051217609800455643,Intermediate
1.0651719657143865,1.666022429088925,1.310156854157966,1.0582957322911346,Beginner
0.7835896647986067,-1.8303111636701788,0.20542763557291444,-0.7957672085281975,Advanced
-1.3668583632808264,-0.7846599999258446,1.1517331003918956,0.1509547856047173,Advanced
0.5681032051286461,-0.9557356705338038,0.8522805543531996,-1.0919022570041996,Advanced
1.6957228778108653,-0.5015868223393116,-1.406639785504949,-0.9133267466671469,Advanced
-0.12765468151819012,-1.068918626502089,-1.2597759256264731,-1.2831314262117393,Advanced
0.1825010305992134,-0.9188299654056757,-0.24442685135471953,-1.2385242262471863,Intermediate
-0.16212397547985843,1.9822424910991598,-0.6974081935198235,-1.6109036209639158,Intermediate
1.4185313451480366,-1.6903711189808288,0.9188826644083109,1.181650799448781,Intermediate
0.32159321133923857,-1.0816121097360651,-0.008098743080953152,1.050422148088957,Beginner
-1.2578681559088878,0.8168770941430058,0.9764399022061225,0.8951615218675243,Beginner
-0.41361566562964275,-0.5884227493889465,-1.9479139236227854,-2.825481532879092,Advanced
-0.4835614838465371,-0.9874535333688094,-2.312391735963523,1.5576292428556147,Beginner
-0.49757083838520716,1.7162519158760465,-1.0796479041340785,-1.1351905829342126,Advanced
-0.3780078990182172,-1.900893031930011,1.5659238240323163,1.6849610239512538,Intermediate
1.3119837385739466,0.09780023094099766,0.8392526941520768,-0.06227794008455945,Beginner
0.5540577711159071,-1.591779084233409,0.2708945442583155,1.1444400905059593,Intermediate
-0.11066536855732945,-1.2129865287689163,-0.6454098979559886,1.3718903580449604,Beginner
-1.3495762115515322,1.8221504172235319,0.9201226392555999,2.3806005026101213,Beginner
1.669069525826331,0.519534917886008,3.193903086784604,-0.38673513694980677,Advanced
0.0516609768510798,-1.5243208302999292,-0.03728956232953773,1.9333523082223498,Beginner
0.03471374875256186,-0.3317016323701887,-0.7227823529551605,-1.0765657520917054,Intermediate
1.676393027208203,0.21075856054194642,1.5008735142182412,0.7702624808980789,Intermediate
0.9495945713644882,-1.781259966352148,0.48426339047605915,-1.8065848573190655,Advanced
-1.3158158164275071,1.660920119705737,1.0986681952320552,0.719335760299946,Beginner
-0.6298845523638104,-0.7978802406128302,1.4768127683895882,-0.5594215330121504,Advanced
1.0126374096440718,1.6487772901301438,1.55227685319723,-0.1483303943654226,Beginner
-1.0385438208439723,-1.0956788631973133,-0.15086661728938977,0.7050480165017294,Beginner
0.05225849049748321,-1.8561430712574776,-0.3363105467377425,-0.9500278835985774,Advanced
-1.7760117540484022,-2.770171201596318,0.9591910331244062,1.038732508124835,Advanced
2.4851899166788916,2.211037137693906,1.6395619193285254,0.72066332754597,Beginner
-1.270061088712032,1.1615589709802925,1.3056486563467504,0.5102344763176588,Beginner
0.3796396483859655,-0.17732225783551003,1.1748186339530653,-0.4185357841983738,Advanced
-1.0147594931858521,-1.7159615362568295,1.1240102274802193,1.0931373524132546,Intermediate
0.4912076654119963,-1.9933223886220441,-0.3173554082596618,3.0682080861936205,Beginner
-1.5350402475323597,-1.1945650500207203,-1.7593886913348178,1.8545450050141552,Beginner
-0.952316380738797,-0.8927597372356199,-0.9017246864180154,0.780959959488987,Beginner
0.15776143929376948,-0.6171265002410524,0.16130761236323599,-1.823172011379882,Intermediate
-1.2390527025266425,0.6981231744209251,-2.442984995249092,-1.436691513868535,Advanced
1.063940987560856,-1.8533273831848351,-0.12376355689724239,-0.20497016985270944,Advanced
-0.4482246163001494,0.6298099921444457,-0.35601875491112966,-1.9412536773181799,Intermediate
0.22228985580085406,-0.8160358288407166,-0.9235961215966593,0.587275334024754,Beginner
-0.26764109089879357,-0.5597255829417515,-1.6057889063402397,0.035050220017894596,Beginner
0.3958197810959231,1.4708529433640958,1.1366758264161674,1.6752726110041487,Beginner
0.6654168236917787,0.3169845631239163,2.2117210744217837,0.9991006066219743,Intermediate
0.22526411724754952,-1.4182310442199235,-0.3635238774429631,1.8092322005386592,Beginner
0.2837510236615011,-1.6385662476451706,0.7010944678325424,0.8686101917749189,Intermediate
0.18641616974404632,-0.18819054965764204,2.4898276989219017,-1.2653542601598504,Advanced
-0.7330329955239894,-1.1934238311086753,-1.280028635018241,1.4974957088430736,Beginner
1.090861670603698,1.3249142155263496,-0.568300672521872,-1.7806168574050156,Intermediate
0.6789312900592783,0.058185797603308886,1.027447390484714,0.4939686897381125,Intermediate
0.07268052432934134,-0.6494712091585226,-1.6612831325773914,0.4842332738938204,Beginner
-1.3367254388759306,-2.6299734677945787,0.40919677920025044,-0.1695302589878689,Advanced
0.5925672738473307,-0.8445198663186505,1.624110166342649,-1.5087269588148116,Advanced
-0.03757064497948127,-0.2937056170493443,-1.5415666646863744,-0.6794455078356862,Beginner
1.9234457948249533,-1.8922777890485032,0.019630507283915133,-1.1086004956476072,Advanced
-2.1770650464428547,2.357241468068553,-1.9282360903331026,-0.05316827151228387,Intermediate
0.14304876987895235,-0.22752514771720622,2.7432688356814996,1.044974799701801,Advanced
-1.7476365098282616,-1.0153271931240953,-1.9057374062825339,-2.69000222664371,Advanced
0.1722543864110375,-1.2059509544889808,0.9114130379747838,-1.529436844620715,Advanced
0.10343812930810638,1.3982658384241509,-1.095552672425746,-1.0650603668671508,Intermediate
-0.38769991640856116,-2.007176896559087,-0.23845506072528633,-1.070365654504369,Advanced
0.678946987762233,-1.1322931018162552,-1.258063224220268,-1.2609549781445246,Advanced
1.1168337755299542,-0.4561705797073802,1.9103499725716704,-0.6347395724102444,Advanced
-0.10434279298689192,-0.06447697112957096,1.5993689424545177,-0.7775229085050067,Advanced
1.3035079319347591,-0.5219196852036945,-0.24190774315586316,-1.6689662271608148,Intermediate
0.6082461916849685,-1.2102281758481856,-0.6396776480143089,1.5696787603329034,Beginner
0.7688396759688968,-0.5067826805479146,1.9554987474230177,0.23725984351846297,Advanced
0.73463754545933,0.7164677742138303,0.9791559700399826,0.5878325266466602,Beginner
